layer,token_count,rank,gate_share,actual_gate_weight,expert_output_norm,weighted_contribution_norm,contribution_norm_share,projection_share_of_routed_output
1,596134,1,0.062493876707140045,0.31246938379821165,0.11478562359997777,0.05491846017514911,0.12217964326039107,0.14604326819297653
1,596134,2,0.056307737886520326,0.281538689314419,0.05958820185247915,0.026082018940491683,0.07908013734128003,0.08780353759112096
1,596134,3,0.05283887018354322,0.2641943509549981,0.03803802771844391,0.013742810758542025,0.06042988669513757,0.06258475570566645
1,596134,4,0.050424906791433625,0.25212453423364,0.026182150639248877,0.008130694156736623,0.0509188241748516,0.051217718586331604
1,596134,5,0.048703499017860453,0.24351749506424344,0.01956666340360898,0.005306109629860086,0.046398765655863046,0.04583725041346678
1,596134,6,0.04748678128797131,0.23743390632119274,0.0180923476214037,0.004533329623965067,0.04337169564605132,0.04236094235027098
1,596134,7,0.04650173214922171,0.2325086606717257,0.014508670588614634,0.003391443541486192,0.04070335444943856,0.03862081744033535
1,596134,8,0.04567225311072666,0.22836126544686147,0.01302694280190152,0.002887321735369673,0.03837068499432622,0.03579117783545506
1,596134,9,0.044977117600239924,0.2248855881771925,0.012649705282314856,0.002684815520861737,0.03575657854538889,0.032846855414563
1,596134,10,0.044354974548915356,0.22177487272060528,0.011422883284736863,0.002317281689494595,0.0360433972402175,0.03310592369733044
1,596134,11,0.04382149278291081,0.21910746380810092,0.011323983713073136,0.002211755703216578,0.03501090086351175,0.03196967570449762
1,596134,12,0.04334503221001671,0.21672516101706965,0.011654205387540225,0.0022086314028139545,0.03466874611169904,0.03127190707785748
1,596134,13,0.04291497477001431,0.21457487382246312,0.011727972730823174,0.002158890986660955,0.03399254333067221,0.030336597400164055
1,596134,14,0.04251332521830066,0.21256662610167057,0.012118165071065517,0.0022042913727963738,0.03387950430024822,0.0302175061852648
1,596134,15,0.0421465137898995,0.2107325689336748,0.011776557778342162,0.0020683329351641327,0.033917197956057035,0.030458684334333463
1,596134,16,0.04179178074934329,0.20895890373153117,0.01166022609006325,0.0019955308169092253,0.03354604713448693,0.02973136414847067
1,596134,17,0.04145712461499958,0.20728562289119987,0.011468994760568013,0.0019046840729453887,0.03343342473258695,0.029535152579103437
1,596134,18,0.0411338706013428,0.20566935304522083,0.011488531906658696,0.0018684956949909877,0.033741564881918484,0.03006481783924552
1,596134,19,0.04081662943277571,0.2040831472558588,0.011902091477383095,0.001889402419920634,0.03385479963159361,0.02995592634596093
1,596134,20,0.040491560982438446,0.20245780500653462,0.012171516128458754,0.0018951674144651056,0.034298596697965096,0.030398859273561164
1,596134,21,0.04014103998357637,0.20070519993820388,0.012112364867895905,0.0018500371867120125,0.035923515368617404,0.03217252066024648
1,596134,22,0.03966490555788132,0.19832452769468925,0.012206952667620957,0.0018238675489963602,0.03999349255178572,0.03634994366540939
3,596134,1,0.0681705416534832,0.34085270809396645,0.5015790676147514,0.17900027764616944,0.17956700334156114,0.28642437369084894
3,596134,2,0.058310516199529865,0.29155258068244566,0.35643294007476445,0.10722791020818244,0.11098281264349308,0.15189363423118757
3,596134,3,0.05347657846567383,0.2673828921926141,0.29485637763639605,0.08097335096413502,0.08484087750789497,0.10425634823735204
3,596134,4,0.05027913882319186,0.25139569404883166,0.25087776654886873,0.06415098786268378,0.0675329292161491,0.07502026681266245
3,596134,5,0.04808096410665177,0.24040482073266703,0.2221584135658947,0.05408531005020463,0.05672009847326456,0.05762170461572608
3,596134,6,0.04645691466849126,0.23228457321217544,0.19222554726692184,0.045039332916606965,0.04719992896963785,0.043034098032476466
3,596134,7,0.045345375527536085,0.22672687756490986,0.17137857486504138,0.039092044528823304,0.04106647993754871,0.034078038192621514
3,596134,8,0.04454171086329288,0.2227085543046099,0.15754008126711302,0.03522740767517046,0.0370140510670918,0.028505033651858656
3,596134,9,0.04391940601457821,0.21959703010601742,0.14784398327960876,0.03255528782204812,0.03416180221057716,0.02472913947607413
3,596134,10,0.04341798461392502,0.2170899232505173,0.14106444601867382,0.030674617242854325,0.0321091116413688,0.0221456369614927
3,596134,11,0.042994041428278985,0.21497020728577998,0.13585050725242132,0.029207457150810356,0.030532101893631522,0.020118165041505674
3,596134,12,0.04262662600737225,0.2131331303110585,0.13125900546886204,0.027933613857841492,0.029136437453966244,0.01838160517289282
3,596134,13,0.042309630393167354,0.2115481518322939,0.12691054417704944,0.02676371068938502,0.027943239124555607,0.01696975604656856
3,596134,14,0.04203046898286077,0.21015234482370468,0.12250593819081028,0.02563001173039147,0.026889609720537944,0.015720319212748222
3,596134,15,0.04178096366464641,0.2089048181282732,0.11907926051606188,0.02473087067511563,0.025938674705899393,0.014614646046143875
3,596134,16,0.041551771594016254,0.2077588580120751,0.11559290684306908,0.023847709911715722,0.025069949529847868,0.013642631394487086
3,596134,17,0.04133781132734365,0.20668905678325297,0.11349638862227972,0.023271988683150037,0.02447828006839403,0.013013984990541393
3,596134,18,0.041136147014495604,0.20568073499097123,0.1108316819838679,0.022594816063662378,0.0238432536896857,0.012339714478043993
3,596134,19,0.040939085218635436,0.2046954261238852,0.10863157693562095,0.022025506261833153,0.023314341109618098,0.01175200802879425
3,596134,20,0.040733498923805636,0.20366749449345914,0.1079404693721322,0.021762070007528982,0.02308421504581186,0.011419127167780147
3,596134,21,0.04048936633140699,0.20244683176722503,0.10883404153004199,0.021813965197314315,0.023278498619447845,0.011478253317388143
3,596134,22,0.0400714583700759,0.2003572916583077,0.11871090656338322,0.023527793784168798,0.025296303935975845,0.01283750164661549
5,596134,1,0.08775540770831235,0.4387770382279328,0.8964093575921791,0.42036289962714474,0.20803154643828728,0.3198362691777332
5,596134,2,0.0724841125304393,0.3624205626660945,0.6709335971980519,0.2536579322040275,0.13106652735006963,0.17455788755852247
5,596134,3,0.06403281810196337,0.3201640904811211,0.5522114449825734,0.18435406535261215,0.09626737693317718,0.11501858017541809
5,596134,4,0.05793597685648765,0.2896798845994292,0.4674520690144187,0.14026524008821983,0.07452084481197083,0.08074749704120755
5,596134,5,0.053176139900469745,0.2658806992711702,0.4090508591118822,0.1123016650140678,0.0604213993501292,0.05910819511013521
5,596134,6,0.04951684200337155,0.2475842101861954,0.35642850121723063,0.09030407571249123,0.04912936326471259,0.04268849443668982
5,596134,7,0.04664303390693502,0.23321516966407485,0.3200618283869257,0.075782055295564,0.04157641769388019,0.03278018247231902
5,596134,8,0.04441540596980951,0.22207703001178616,0.2891365229330476,0.0646859289074811,0.03585504232137215,0.025593691201492637
5,596134,9,0.04261891375037503,0.21309456880431743,0.26293854542398065,0.05605386705803582,0.03139003341717394,0.020426894651116058
5,596134,10,0.04121751812626303,0.20608759071362806,0.24572993002469565,0.05040813842927225,0.028489035905341138,0.01724374827052748
5,596134,11,0.040113021983892556,0.20056510975611178,0.22923035693824464,0.04555454449804401,0.026011912466062527,0.014721847452087346
5,596134,12,0.03920264914982417,0.19601324580616872,0.21710846062586886,0.04201836754830736,0.024160045987883464,0.01283262493025507
5,596134,13,0.038450845446344147,0.19225422711648768,0.2060473608174539,0.039021904406455,0.022631114726101263,0.01135352814103469
5,596134,14,0.03781164231259599,0.1890582116951168,0.19831220036278,0.036862265711836865,0.021455215141516878,0.010258578758156996
5,596134,15,0.03725128793147029,0.18625643967280545,0.19211418825733184,0.0351192088400628,0.02054380913545624,0.009396103501398299
5,596134,16,0.03674634855456664,0.18373174257250638,0.1879312365403001,0.03383162097442328,0.019869948027580662,0.008862068697131723
5,596134,17,0.03628192468867118,0.18140962347989428,0.18432191446556362,0.03271711126746573,0.019260661651635976,0.00833787249408042
5,596134,18,0.03584065966529722,0.1792032985292282,0.1808577608147849,0.03168003167589309,0.01869472139121056,0.0078831880273656
5,596134,19,0.03540592788635675,0.17702963943902955,0.1780644401953364,0.030779754754147112,0.018228934718217387,0.007511195454042101
5,596134,20,0.0349526205544007,0.1747631029329861,0.1754830538653716,0.029917172496477473,0.017781812026082023,0.007175658757027109
5,596134,21,0.034438997706044236,0.17219498863536511,0.1740355598758949,0.029222204817881944,0.017467862599774654,0.006944621012704814
5,596134,22,0.03370790511326011,0.16853952543284517,0.17344223007069798,0.02850956689262006,0.01714637466572021,0.006716251726195428
8,596134,1,0.10685767144632269,0.5342883568011517,1.2302355915441479,0.7389358913521483,0.25613243864111,0.3951950962960748
8,596134,2,0.08356295285881704,0.4178147642273075,0.8395029812064468,0.3806513093388101,0.14043733228155358,0.1810698139211658
8,596134,3,0.0695506275801153,0.34775313798298946,0.6652275807450765,0.24646496853289285,0.09496184486484972,0.10629761371293542
8,596134,4,0.060373668333931756,0.30186834179094096,0.5551851555514749,0.1766195515725868,0.070588458044606,0.07061101026283038
8,596134,5,0.05389898806986628,0.26949494020728354,0.47140493248689525,0.1320380358654158,0.05369805905566772,0.0466971335205288
8,596134,6,0.04933239744139367,0.24666198720605598,0.41741529588063164,0.10586821554778701,0.0437016199556447,0.033969097336879875
8,596134,7,0.04589685347958031,0.22948426751510306,0.374186056884316,0.08713935550390742,0.0365964058239361,0.02566149227851042
8,596134,8,0.04323905137235494,0.21619525699699235,0.3431664775835625,0.0744409578937115,0.03160303675263042,0.02005422634338753
8,596134,9,0.04116728896610745,0.2058364449704979,0.3206693575194076,0.06561822168102321,0.0281384796612593,0.016420514228090616
8,596134,10,0.03951114307233431,0.1975557154322112,0.3024448442202824,0.058992674677359545,0.025443766605082768,0.013704665370265939
8,596134,11,0.038171069401238975,0.19085534703992119,0.28840405452713247,0.05403576860116358,0.02341006293882687,0.011793207730210692
8,596134,12,0.037065668940296066,0.1853283446363024,0.2761524122728668,0.05000695044376617,0.021776241775155955,0.010323621108431475
8,596134,13,0.03613346190920939,0.18066730964343264,0.2677130930570723,0.04708724416380428,0.020590677940680504,0.00931067862651247
8,596134,14,0.03533466031407576,0.17667330157026634,0.26055019528240936,0.044681190887953706,0.019618054551180656,0.008510074309982203
8,596134,15,0.03462929147337045,0.17314645737504478,0.25383834548652817,0.04254932126009723,0.018733724669151214,0.007794166539823821
8,596134,16,0.03399093750207776,0.1699546876630039,0.24886607723703064,0.040857742806871065,0.018058347514565153,0.007294124160142975
8,596134,17,0.03339825198127115,0.16699125981096666,0.24491715532338526,0.039435920191057544,0.017487467680942722,0.0069001552873306235
8,596134,18,0.03283147379490538,0.1641573689408381,0.24132562119820716,0.038107097891436195,0.016944478411544756,0.006494312518393685
8,596134,19,0.03227121149983457,0.1613560577778069,0.2380029588531119,0.03685440657501457,0.016419162831444963,0.006089864604025188
8,596134,20,0.03168743294707049,0.1584371648773066,0.23545291570310087,0.03571694405528154,0.015962632667422722,0.005754305396002737
8,596134,21,0.031019706883981774,0.15509853453654798,0.2318055711838164,0.0343152369723442,0.01531425578313801,0.005304878159970082
8,596134,22,0.03007619060104806,0.15038095288678271,0.22507492205658688,0.03221151117032665,0.014383451461437869,0.004744897004829669
10,596134,1,0.11380719538044262,0.5690359769692408,1.3591555295458406,0.8645374013018777,0.2696712496886595,0.4250468625979129
10,596134,2,0.08435564654651827,0.42177823254405655,0.9155100594653091,0.41760715814158633,0.14093113203475005,0.18044556589263774
10,596134,3,0.0680573743743318,0.3402868721225472,0.6958933641175605,0.2516564706085076,0.089730187278272,0.09725440832696297
10,596134,4,0.05838671782790265,0.29193358880786197,0.5754607530747368,0.17614310324419413,0.06449005282397867,0.05976697972593662
10,596134,5,0.05235824748709135,0.2617912372996142,0.49226936365908674,0.13340862616739402,0.0497088723797196,0.04038136202646888
10,596134,6,0.04810095705999595,0.2405047853800805,0.4350019791781179,0.10710272856000123,0.04046382027901681,0.02932459210219463
10,596134,7,0.04496941640455542,0.2248470821755984,0.3950948994355958,0.09002775162961446,0.034310033837836255,0.022388468923798057
10,596134,8,0.042626992298637104,0.21313496139754332,0.36443133375275916,0.0780586966438869,0.030105028789518245,0.018097992634554846
10,596134,9,0.04077290282746469,0.20386451417979845,0.34241708667916426,0.06965959154853384,0.02711595524273337,0.015181827940025516
10,596134,10,0.03928603903512615,0.19643019515541496,0.3256359432796963,0.06349586452517719,0.024919904529127106,0.013101451041157086
10,596134,11,0.03806683917368308,0.19033419588795003,0.3134675177241717,0.058998510127800184,0.023281773032443658,0.011669008522693888
10,596134,12,0.03704324589536014,0.1852162295438221,0.3034631115313338,0.05540442726114615,0.021993877462964724,0.010540097060223139
10,596134,13,0.03615795885852553,0.1807897944364753,0.29555861203028366,0.05254349644181335,0.0209442028012917,0.009666802173953866
10,596134,14,0.03538333103513531,0.1769166551646469,0.29063195457219476,0.05041302741043814,0.020160203433721612,0.009041884189290772
10,596134,15,0.03468916227786259,0.17344581138879428,0.28577010389104895,0.0485245542581385,0.019466651435226124,0.008537490546846993
10,596134,16,0.03405603469048154,0.17028017339221027,0.28120838823273153,0.046787520238009285,0.018811891458802302,0.007995517493152273
10,596134,17,0.033464886119161916,0.16732443073520786,0.2780469944397737,0.04540011027014935,0.018296391908564504,0.007629250538485227
10,596134,18,0.03290077371870777,0.16450386846331422,0.275886891862407,0.04421640837777639,0.017865288628918084,0.00731710333842692
10,596134,19,0.032346897424014504,0.1617344873356846,0.27384738227959105,0.04307789208735494,0.017416144555456224,0.006998075836641898
10,596134,20,0.031775041376049036,0.15887520686384132,0.27220592764838714,0.042006668415891714,0.017019148463394446,0.006724674136348607
10,596134,21,0.031132146435527825,0.15566073214242554,0.272042857766669,0.04105766898756787,0.01666974299039343,0.006470836782688837
10,596134,22,0.03026219355391656,0.15131096782651196,0.27909733241536994,0.0408215597195368,0.016628447016691698,0.006414566651085932
12,596134,1,0.10637427914159386,0.5318713956862475,1.5144266210651878,0.9401991782670581,0.26176180582257863,0.40792000069972056
12,596134,2,0.07890034930906242,0.3945017465562605,0.9618308858409401,0.42825499145956436,0.13028765860983918,0.1642865599676346
12,596134,3,0.06457513585647714,0.3228756791582852,0.7136166565786597,0.2513173593888763,0.08205360298583303,0.08708449163045572
12,596134,4,0.05657437459207192,0.28287187277507436,0.5782615899502852,0.17340626089404898,0.05960862664588796,0.055203741940908053
12,596134,5,0.05132334692299508,0.25661673461058854,0.4894000137826961,0.13003668955478687,0.04670258794548762,0.03839677649256555
12,596134,6,0.047747960530297874,0.23873980253689997,0.43827022284587985,0.1063757305592976,0.03933219236187395,0.029468786188608716
12,596134,7,0.045150672058340335,0.22575336020578932,0.4019759201560984,0.09100885079394408,0.034444237598499745,0.024004253746052646
12,596134,8,0.04319207538688982,0.21596037669520926,0.37748464554255406,0.0809357472748643,0.031182186908024417,0.02058931782770893
12,596134,9,0.041630327321018255,0.20815163654680607,0.3591755141482365,0.07369740737931585,0.028780299585581554,0.018165358711904143
12,596134,10,0.04034776719648741,0.20173883572973042,0.3452367641633979,0.06824304044002259,0.026957046208460376,0.016377426784503588
12,596134,11,0.03926316668688137,0.1963158333474259,0.33520498703857954,0.06418417366564028,0.025630776029799834,0.015136189939132376
12,596134,12,0.03833113714318013,0.1916556857990009,0.32804525773658005,0.06109099622721099,0.02454554891623146,0.014150928962736738
12,596134,13,0.03750777480571955,0.18753887399266553,0.3203827870547544,0.058178347559524723,0.023528105153701007,0.01320344209409184
12,596134,14,0.036771251613055105,0.18385625826035937,0.3153108603232713,0.05596681125609534,0.022749386295820236,0.012492917778352958
12,596134,15,0.036101820297835464,0.1805091016885293,0.3112038135668644,0.05409457324652452,0.022053849158843352,0.011907954149134614
12,596134,16,0.03548451544139295,0.17742257719589763,0.30782322279297725,0.052452706032355495,0.021453137182385375,0.011391048294566459
12,596134,17,0.034905574391343855,0.1745278718541031,0.3044341694843374,0.050899019800938555,0.020879814399919157,0.010863085806697684
12,596134,18,0.03435278734828352,0.17176393675336588,0.30233528997286896,0.049649036896520414,0.020439698466301108,0.010507155223692539
12,596134,19,0.033810525381618925,0.16905262684470393,0.30026199882152,0.048435282142917244,0.01998401801416614,0.010148046576371904
12,596134,20,0.03325461521882083,0.16627307611369502,0.2991216622345163,0.0473676337186733,0.019589215257544684,0.009832572985946406
12,596134,21,0.032632804692196024,0.1631640235079045,0.29775616424583684,0.04617818208896946,0.01914381914568239,0.009487536684958914
12,596134,22,0.031767738968171644,0.15883869457786873,0.30059598045335273,0.045294926859276795,0.018892387200070162,0.00937677159153816
14,596134,1,0.08300206697256322,0.41501033489834843,3.2760756699377174,1.4225834687357357,0.150108437405117,0.24552178770254132
14,596134,2,0.07059249266570489,0.352962463256935,2.72458030481467,0.9917902119172689,0.10502481374057747,0.14345583487919286
14,596134,3,0.06298158115779012,0.31490790575308086,2.4161976294670744,0.7805717427568496,0.08301975534743551,0.10025709243802777
14,596134,4,0.05771571927366082,0.2885785963675792,2.216451536905324,0.6535717467451526,0.0698794956692801,0.07678642657842932
14,596134,5,0.05373317358586052,0.2686658681850588,2.054161212964805,0.5619027024346707,0.060271698174017126,0.06093837853138277
14,596134,6,0.05061861213093669,0.25309306089911005,1.920395108086999,0.493060774037966,0.05317121530122323,0.05003846192521715
14,596134,7,0.04808794943631985,0.24043974716738262,1.8106584165168569,0.44014303411687655,0.047659973304391416,0.041955250354456186
14,596134,8,0.04597920168060601,0.22989600835644317,1.7097156055375935,0.39607535394420523,0.04307438022633122,0.035601037288141374
14,596134,9,0.0442270019880553,0.22113500982527465,1.6218863963347319,0.3603472260761699,0.039343638669395366,0.030719778043186388
14,596134,10,0.04273005396812175,0.21365026987888439,1.5461366043316802,0.3309481636392082,0.036255752366482076,0.026876456516139704
14,596134,11,0.041431065310993796,0.20715532650881324,1.4798124007572209,0.30634614823089035,0.03371893269643098,0.02384814143602985
14,596134,12,0.04030424611888052,0.20152123060690078,1.4242973065671198,0.28617411307082957,0.03158622486254091,0.021405504260750868
14,596134,13,0.039313565209415854,0.19656782607006965,1.3724089562292001,0.2685289611704967,0.029752944178057558,0.019394800354236987
14,596134,14,0.038431267949780475,0.19215633989449976,1.3287452061101823,0.253758962722027,0.02819122947369182,0.017737435250951457
14,596134,15,0.037629441606934384,0.18814720805701238,1.2875775470136115,0.24049632423082426,0.026805599688328286,0.01631075956678124
14,596134,16,0.03689222027135021,0.18446110147842068,1.2520767897742922,0.22895894648821272,0.025563638834114874,0.015035755112917073
14,596134,17,0.036200395447606094,0.18100197711894797,1.2194854518957254,0.21866895634978856,0.02449130400445528,0.013990099578240716
14,596134,18,0.03553293439663395,0.17766467209326609,1.1886411760871909,0.2090628519845496,0.023486976878178877,0.013040080585179005
14,596134,19,0.034872064905201366,0.17436032447622665,1.1663621405545213,0.20123888260316747,0.022685633475447657,0.01228865640351417
14,596134,20,0.03418197228718526,0.1709098613339725,1.1553545886304488,0.19535034012172905,0.022126524360322586,0.011771659576840001
14,596134,21,0.033378222477786386,0.16689111243466895,1.1618074143732815,0.19174939679970188,0.02181432318300541,0.011471378559389307
14,596134,22,0.03216475121915987,0.16082375612861327,1.2089279857507207,0.19205014125606162,0.02196750795919553,0.011549648302147478
17,596134,1,0.08422486296205843,0.4211243144674175,3.0289152011846157,1.4297434959038573,0.19407360729328663,0.3086040023264033
17,596134,2,0.06929827825233391,0.34649139098415405,2.1845225129076007,0.8273872725436278,0.11713639701552397,0.15594312913317573
17,596134,3,0.06071888314804776,0.30359441578582586,1.7407525577331222,0.56292168540565,0.08280508421037519,0.09571903563632626
17,596134,4,0.05528558050174393,0.27642790247373106,1.4505839429002434,0.41872838830682474,0.06383838447034415,0.06575172128616423
17,596134,5,0.05160275571893236,0.25801377871016357,1.2628763134056857,0.33513242916253216,0.052607480007863965,0.04901889669787068
17,596134,6,0.048894567910158004,0.2444728396104375,1.1376523476069398,0.28287991447444283,0.045374932511898565,0.038947456255485666
17,596134,7,0.04681437115059953,0.2340718555365232,1.045631010806351,0.2468067344630533,0.0404024239634825,0.03244719715509245
17,596134,8,0.04514343865558003,0.2257171932672392,0.9742835773836562,0.22032000682537523,0.03666008209065664,0.027735031714733793
17,596134,9,0.04376548818629298,0.21882744101172188,0.9214366637843591,0.20102637573832588,0.03392830988235138,0.02451179232709254
17,596134,10,0.042594705006893566,0.21297352500850913,0.8811214791265719,0.1863398952958763,0.03179548953037952,0.022017544068392417
17,596134,11,0.04158897423167801,0.2079448712027398,0.8491076242939054,0.1748266266402596,0.030179090318830898,0.02023111972680609
17,596134,12,0.04070547355714145,0.20352736758628653,0.8228477754940069,0.16539572946702255,0.028776876421082474,0.018717476924181322
17,596134,13,0.039913612432915135,0.19956806226366738,0.8000153522398157,0.1573800103005893,0.02759339191046306,0.017498708088217844
17,596134,14,0.03919446909567837,0.19597234536981406,0.7835934466644164,0.15112506828025424,0.02664055757261442,0.01648646035244876
17,596134,15,0.03852766554875158,0.1926383275023871,0.7697655179321831,0.14569881899558165,0.025804416119253257,0.015607155586922902
17,596134,16,0.037899800071846845,0.18949900037519438,0.7562867927303386,0.14063657778718358,0.02502920534198588,0.01481451825139732
17,596134,17,0.03729608848313742,0.18648044236423217,0.7453480268393031,0.13620880766812188,0.024329475182111853,0.014105458783176985
17,596134,18,0.03670197667801341,0.18350988330346102,0.7352676128730176,0.13204080882830002,0.023647292742301904,0.013401520104725699
17,596134,19,0.036098512563265454,0.18049256298069688,0.7268171696246132,0.12828161039874564,0.023081028357580306,0.012832722746134718
17,596134,20,0.035451900903768006,0.1772595044932438,0.7209263226474782,0.12481693344025972,0.022554708367032276,0.012304076660490174
17,596134,21,0.03469416055603966,0.17347080274378177,0.7188507955457142,0.12168336575714708,0.02210201898993402,0.011866800409174786
17,596134,22,0.03358443456529144,0.16792217266249065,0.7227775276870274,0.1182511504694592,0.021639747497258256,0.011433124437532957
19,596134,1,0.08339852134274449,0.4169926067466176,4.885840509151301,2.158939559352614,0.15502159568391483,0.25771178916151827
19,596134,2,0.07054513900557825,0.35272569499287143,4.047939223496425,1.4964178447806704,0.10829708013433556,0.1493312857972162
19,596134,3,0.06264648396118329,0.313232420002775,3.5527659271021657,1.1551059372798216,0.08426323647791313,0.1012423823650959
19,596134,4,0.05708565019886382,0.28542825088015467,3.1880241885352403,0.9368359479030799,0.06898323977787935,0.07401381811419518
19,596134,5,0.05301434057167219,0.26507170276778674,2.899120770879506,0.7856404237608421,0.058370633626871005,0.05701518322864939
19,596134,6,0.049918802537043096,0.24959401287955568,2.6770238433927758,0.6793490485679536,0.05088252286803865,0.04590045981446443
19,596134,7,0.047509931943573495,0.23754965970954997,2.500732559740749,0.6008893522065313,0.045399966788337645,0.038326167846192936
19,596134,8,0.0455694753121322,0.22784737675504493,2.3519289944622535,0.5396889689520441,0.041069181766250455,0.0326419704591459
19,596134,9,0.04395518636557598,0.21977593176915725,2.2328779294301424,0.4923770575905088,0.037737755172383244,0.02847559449685952
19,596134,10,0.04259255286402441,0.21296276447300586,2.1311977124861836,0.453928910042825,0.035061439346737645,0.02531189841429515
19,596134,11,0.04142353047689147,0.20711765229433934,2.0490179265579727,0.42334010714091097,0.03289038670504474,0.022803703748219172
19,596134,12,0.04040395242494753,0.20201976192273607,1.974281195431337,0.39692327397697785,0.031046017706442438,0.020735821756799788
19,596134,13,0.03949931138176491,0.197496557098103,1.9131892849330718,0.37537060136939693,0.02954678335880617,0.019102361364529526
19,596134,14,0.03868562064280972,0.19342810311189487,1.8623875095672078,0.35730904361201016,0.02825309864369746,0.017731746425360847
19,596134,15,0.03793774019862384,0.18968870113212374,1.8128902554040494,0.3406614311078167,0.02707628333745312,0.016549968047002452
19,596134,16,0.037239486867402215,0.18619743423026425,1.7754639083723305,0.32716015613476973,0.026116694589270167,0.01557220673501265
19,596134,17,0.03657654909380732,0.18288274536280846,1.7403025695914127,0.3147367289471999,0.02522640227532718,0.014689695507084833
19,596134,18,0.03592698447497129,0.17963492229749906,1.7082498058764057,0.30325617834579655,0.024399615384418417,0.013915654338906198
19,596134,19,0.03527000729952805,0.17635003633934473,1.6802735486715101,0.2926611967194768,0.023638700209431904,0.013228646218038561
19,596134,20,0.03456827464621562,0.17284137321728635,1.6513877676810123,0.2818344716233601,0.02285840815978771,0.012520578524981814
19,596134,21,0.03374236960888851,0.16871184815450452,1.6351502641810067,0.2722833254630292,0.022174739820888946,0.011880753573857287
19,596134,22,0.03249008872669141,0.16245044353762422,1.6546268011705076,0.26508651049135545,0.02168621807092495,0.011293045395952894
21,596134,1,0.0659831744509458,0.3299158724991431,4.3076811154923265,1.5975428035963988,0.18655892970293583,0.26419520985283607
21,596134,2,0.05884933315508252,0.2942466656446506,2.6241397259307906,0.8497248334636907,0.10606577416498869,0.12993543587648418
21,596134,3,0.054757705982206764,0.27378853001200026,1.8335845955839165,0.5375743533602717,0.07323930914014737,0.08061098124747965
21,596134,4,0.05202894446525057,0.26014472231789154,1.44462583316622,0.3928573863399468,0.05803306966013195,0.05943805655215217
21,596134,5,0.05003304041739819,0.2501652018937756,1.219829297732197,0.3139137388548609,0.04910290283968929,0.04725764053964002
21,596134,6,0.0484799958688943,0.2423999791048817,1.0754408631533334,0.2649855739106483,0.04355208840524472,0.040071630835657374
21,596134,7,0.04722190163116107,0.2361095081889505,0.9796631109589446,0.2333008952759078,0.03989532964078391,0.03549578222223004
21,596134,8,0.04617320109125097,0.23086600533929078,0.9202392510475947,0.21316911522712123,0.03740320352737734,0.032275405484422454
21,596134,9,0.04526722222402279,0.22633611105523596,0.8707351758840435,0.19695880606948987,0.035316885550531245,0.029704000846217906
21,596134,10,0.044468815585730875,0.2223440780853001,0.8362179218048694,0.18527788421161687,0.033859060495219494,0.027901880446470666
21,596134,11,0.0437527608122265,0.2187638040869912,0.8107691060989529,0.17631620162106879,0.03263670147804755,0.026415266855255512
21,596134,12,0.04309923898320832,0.21549619510410148,0.7875062812453186,0.16838710086736713,0.03160327040490026,0.02519114370216448
21,596134,13,0.042494605559218204,0.21247302761489265,0.7687967383063949,0.16179740966420608,0.030642839510718698,0.02399030796458564
21,596134,14,0.041926984826109556,0.20963492429792321,0.7570636976664227,0.15696459724516698,0.029958860877611022,0.023211320258084644
21,596134,15,0.04138695479219391,0.20693477390348428,0.7418091045525619,0.15162406764907554,0.029231514496717848,0.022331097246194677
21,596134,16,0.04086544364504558,0.20432721833534923,0.7294117125598267,0.14704692352430676,0.028538198867430614,0.02152075521487229
21,596134,17,0.0403542269389831,0.20177113486976483,0.7211773818437212,0.14339453290152332,0.027909929414921417,0.02083736689336334
21,596134,18,0.03984193261296038,0.19920966311345725,0.7065672159844401,0.1385323670407612,0.027135757270616016,0.0199583496427924
21,596134,19,0.03931140271153648,0.19655701355140207,0.6909162660381334,0.13356347711988922,0.02631129322152148,0.018959018713128512
21,596134,20,0.038732264713091796,0.19366132357476384,0.6729876211794726,0.12803311710956355,0.025403296215015587,0.01805025921494247
21,596134,21,0.03803228029747121,0.19016140171869084,0.652848034039615,0.12186256434270061,0.024457702549115744,0.017004037906421472
21,596134,22,0.03693856905764979,0.1846928453599572,0.6257964324786917,0.11327893724539158,0.02314408247031923,0.015640325646698146
23,596134,1,0.06708794147185239,0.3354397075940775,8.737071761138957,3.0899498251533015,0.17894411040128022,0.27361301596430937
23,596134,2,0.059868025772292714,0.2993401290885427,6.169956964162613,1.940953446830885,0.11244857656368085,0.1442416385079881
23,596134,3,0.05551737047730351,0.2775868524802413,4.769636788187675,1.3762978339880292,0.08080225249234772,0.09113418235599843
23,596134,4,0.05250464297453914,0.26252321488112573,3.9278091869330027,1.0594854020618993,0.06359450617216766,0.06495768796132281
23,596134,5,0.05031701363368805,0.2515850680899018,3.3942271301794418,0.8696030617683518,0.05320076704730515,0.05038876308343375
23,596134,6,0.048634079727222904,0.24317039866214196,3.030182340922121,0.7458456515874027,0.04637230569263441,0.0413526398916855
23,596134,7,0.047280989208168915,0.23640494619789026,2.7752874493332977,0.6613104835408039,0.04172177977811031,0.035493850675750054
23,596134,8,0.046161807496517916,0.23080903735412095,2.5920283289109296,0.6012131414179362,0.03834559478649656,0.03136688314381249
23,596134,9,0.045202157537451125,0.22601078753527795,2.4396694308666,0.5527996911574711,0.03561205821442756,0.02808056254426208
23,596134,10,0.04436247668080875,0.22181238335588205,2.3209460604658836,0.5152150740256772,0.03348499043932574,0.02560248512541034
23,596134,11,0.04361223865037468,0.2180611932628718,2.2295706618436375,0.48591474114402455,0.031803708525967776,0.023701574091808623
23,596134,12,0.04293107102702508,0.21465535503459016,2.1525280053260496,0.46129766774387443,0.03044101195592711,0.022179028027279748
23,596134,13,0.04230358335292553,0.21151791660302013,2.087944331881488,0.4406158045207383,0.029262400377549742,0.020897287208505606
23,596134,14,0.0417173111535302,0.20858655563100859,2.027697662114253,0.42161398989455423,0.028149002877131443,0.019683535715885932
23,596134,15,0.041162428058561615,0.20581214036873444,1.9841029846516707,0.40690313410702,0.027315649546774522,0.01878982227655684
23,596134,16,0.040625208000805865,0.2031260398617815,1.9455548565606582,0.39355632356468123,0.026511866974278788,0.017916987665597264
23,596134,17,0.04009446347114584,0.20047231738537485,1.911830042857722,0.3815435300200735,0.025789800834626862,0.01719618253264009
23,596134,18,0.039554769305551324,0.19777384663446593,1.8780865697004412,0.3696793896756007,0.02508684910865381,0.016438324261155234
23,596134,19,0.0389831807812835,0.19491590393716923,1.8564803480182925,0.36001483635485415,0.024485504103558455,0.015865204676793157
23,596134,20,0.038337325959071765,0.19168662981126275,1.8271699366487266,0.348396607177172,0.02375095521488249,0.015119900156263922
23,596134,21,0.03752799502600276,0.18763997499099982,1.7746511394397726,0.3313023132379777,0.022587020959359452,0.014015410719121027
23,596134,22,0.03621392029249595,0.1810696015868802,1.6457787322683572,0.2973109652284612,0.020289287978798892,0.011959879323116403
26,596134,1,0.07965772539794301,0.39828862689226685,10.477014850703776,4.275606728581714,0.12118203445033517,0.1931301792704698
26,596134,2,0.07016368715427759,0.350818435849414,9.45463163311723,3.3910876613036702,0.09622239305127661,0.13369911248714147
26,596134,3,0.06371898617282518,0.3185949310640715,8.755853798927859,2.8415788640904505,0.08066384656217124,0.10098113119647197
26,596134,4,0.05885756364655092,0.2942878184279884,8.24457088692116,2.46542447803025,0.06992706698406706,0.08032935840822192
26,596134,5,0.05498671899957525,0.274933595307412,7.824931806597933,2.1801211692894578,0.06188317475294598,0.0658339080122384
26,596134,6,0.05185070471830799,0.2592535237668267,7.462225653190175,1.9554972834273334,0.055550723320798724,0.05521729573950744
26,596134,7,0.04924637887801373,0.2462318945083388,7.142548123094929,1.7735482849389892,0.05049284604314032,0.047199471548471414
26,596134,8,0.047046615065724454,0.2352330753858951,6.879137395453839,1.6280423517101463,0.046435562853247986,0.04113912548189986
26,596134,9,0.04516039158707409,0.22580195814749554,6.638526735354515,1.5050986844681349,0.04300484924412485,0.03624078597282949
26,596134,10,0.043514960104591854,0.2175748007575623,6.4091191083183725,1.3974826746386688,0.040014452731049484,0.03220486390663812
26,596134,11,0.04207368059266861,0.21036840316576333,6.202066455652574,1.305298821680201,0.03742308483137293,0.028774113557561657
26,596134,12,0.04079463060926413,0.20397315311068617,5.991987123456969,1.2207981841153286,0.03507347803783235,0.025796203797403456
26,596134,13,0.039644850265131565,0.19822425111059563,5.804611892149108,1.147915104888927,0.03303803394295317,0.02332949404775386
26,596134,14,0.03859531105217521,0.19297655536302355,5.619225661697905,1.080446794084227,0.031154774788590762,0.021101157033106978
26,596134,15,0.0376307428078532,0.1881537138251412,5.444075069981585,1.0195316633164886,0.02945802903033435,0.019173747565454105
26,596134,16,0.036725509249254155,0.18362754628957068,5.272126732576392,0.9627994117573576,0.02788352059203087,0.017443623567692235
26,596134,17,0.03586034650617136,0.17930173255539697,5.11411407116112,0.9111197821126114,0.026450952455252343,0.015904387537281798
26,596134,18,0.03500962870586432,0.17504814367948704,4.963833635954729,0.8627278175873432,0.0251138787982963,0.014527738520292264
26,596134,19,0.034139510900497175,0.17069755461909375,4.829945416006198,0.818195925134172,0.0238967095341182,0.01334105580815122
26,596134,20,0.0331842642312574,0.16592132120684833,4.723766694595887,0.7775926472167124,0.02278426509821994,0.012366921240396081
26,596134,21,0.032004160668091385,0.16002080324679255,4.629292250705815,0.7348671700397823,0.021606141877727265,0.01142840402075146
26,596134,22,0.030133632530354164,0.15066816267642658,4.702426104833919,0.7013141829718247,0.020740181118944892,0.0108324029518913
28,596134,1,0.0828011778030182,0.41400588880652167,12.358257711713371,5.366292005761621,0.15849842212125953,0.27426438083048515
28,596134,2,0.07124626946508342,0.3562313475735931,9.633647206105044,3.5726495867335157,0.1061199176170931,0.14695982351575657
28,596134,3,0.06394399711770127,0.319719985815298,8.354707392008176,2.764139812586046,0.08275995879003371,0.09909329611893099
28,596134,4,0.05852417512092282,0.2926208755842296,7.51500743403961,2.2628473035053003,0.06821719338952051,0.07273108595844308
28,596134,5,0.05442396881548371,0.2721198443081972,6.907031493661329,1.9237266332971432,0.05849191278386998,0.056661760962462025
28,596134,6,0.051168290190963986,0.2558414510221225,6.428545555319107,1.6745351645445672,0.051372644473899415,0.04580279885108552
28,596134,7,0.04850686977725049,0.24253434857740405,6.05094983491285,1.4873588680485117,0.04596650824405451,0.03810569451279484
28,596134,8,0.046315019462054866,0.23157509730570625,5.730519965677816,1.3390484915906513,0.04171158725599437,0.03242784017608733
28,596134,9,0.0444643862006057,0.22232193094310607,5.454535442784065,1.2190447418749688,0.038237016998865093,0.028130833453910153
28,596134,10,0.04288864404635815,0.2144432202127123,5.226299985873852,1.1229329539488688,0.03547851976109446,0.024843689440982974
28,596134,11,0.04152633982473297,0.2076316989850227,5.0355685327244935,1.0446570279340337,0.03321215824699363,0.022285117005135892
28,596134,12,0.040329666129591005,0.20164833047006864,4.869022018449514,0.9786623041350521,0.03128080825891802,0.02017505184235482
28,596134,13,0.0392648848300625,0.19632442403260478,4.720402749240083,0.9216776288560107,0.029641113766945282,0.018446773270948767
28,596134,14,0.03829901365360722,0.19149506823851542,4.593810099570477,0.8731820448035381,0.0281928126132534,0.016944950277036363
28,596134,15,0.03741303698990823,0.18706518513406403,4.489586369480025,0.8323151296345047,0.026984200292930725,0.01574786989960314
28,596134,16,0.03658670002557927,0.18293350012210344,4.389020579306619,0.7944442910750882,0.025857267720640422,0.01466754553366915
28,596134,17,0.0358022295587269,0.17901114788500858,4.300191193894535,0.7607711004623243,0.024875608598363637,0.01375067294829596
28,596134,18,0.035039450339734136,0.17519725169631475,4.220632807407231,0.7299003152628091,0.02395440878888714,0.012926500253517386
28,596134,19,0.03427251978686747,0.17136259886495378,4.161362325710396,0.70315520029613,0.02318307426660578,0.012220278986496956
28,596134,20,0.03346333482060764,0.16731667399443229,4.134188526959347,0.6814319015397331,0.022559012273335698,0.011691821485928814
28,596134,21,0.03252806098291146,0.16264030459898177,4.140618825073025,0.6629901763110477,0.022057637066114428,0.011335250679533353
28,596134,22,0.03119196518670349,0.15595982588063148,4.162506545990631,0.6387351357233403,0.021348216561346448,0.010781998921496323
30,596134,1,0.07361243533345224,0.36806217621880205,13.555368959178423,5.128943294309824,0.11470165922257444,0.18439794124097025
30,596134,2,0.06540704854927186,0.32703524276758117,11.976687163179639,4.0109715498101615,0.08977838711950453,0.12365889117115098
30,596134,3,0.06010906106577956,0.30054530538855156,11.060605672910475,3.391715236696991,0.07599010623569126,0.09398214571093746
30,596134,4,0.056249310287913135,0.281246551127299,10.395356292410927,2.9718260635350737,0.06679483561545296,0.07602345087321058
30,596134,5,0.053217839201618024,0.2660891958085194,9.835475011099005,2.6523498743460054,0.059771177781397664,0.06328504429796954
30,596134,6,0.050755060558409906,0.25377530265703185,9.366366535764437,2.401672038645735,0.05424321951494018,0.0539927719815637
30,596134,7,0.04869908545878562,0.2434954272974401,8.939131527947643,2.1933001835881254,0.049686576769340025,0.04681650998069293
30,596134,8,0.04694181850448134,0.23470909260315734,8.58048736713832,2.0244733745617522,0.04597279560572093,0.04120882000377166
30,596134,9,0.04541095185212286,0.22705475945289857,8.257392253338915,1.8809404992533967,0.042846609673234275,0.03673371973581729
30,596134,10,0.044073621901919546,0.22036810956767044,7.990689806534439,1.7638035277277553,0.040274696273781864,0.0331665601593088
30,596134,11,0.04288310824521504,0.2144155411127231,7.731948152169939,1.6583846694284485,0.03797283490163526,0.030132856269413748
30,596134,12,0.041814879475004625,0.20907439729702834,7.510812357226489,1.5692203430762677,0.036029646120720994,0.027592718817902793
30,596134,13,0.04084299984497084,0.20421499908416862,7.322172251953807,1.492779549090519,0.034343815902199565,0.02552305192741419
30,596134,14,0.03994879254231887,0.19974396259476776,7.1310521472216175,1.4209566675942809,0.03277537694276381,0.023594903361588683
30,596134,15,0.03911426633501884,0.19557133167605656,6.966303215029671,1.358249471708331,0.031395558375969045,0.021979614784632482
30,596134,16,0.038328397056360555,0.19164198525570036,6.815048154273965,1.3013219681674306,0.03014101718965603,0.02052239127142413
30,596134,17,0.03756835637439,0.18784178171769142,6.675682660862391,1.2487933992487263,0.028990757566817647,0.019206870698095832
30,596134,18,0.03681719235015171,0.18408596153588702,6.549861392757862,1.2003039991288065,0.02790104187887143,0.018006347262340384
30,596134,19,0.036047513557947365,0.18023756781855133,6.421703091720114,1.1519764628049896,0.026824654592851487,0.016827450262566206
30,596134,20,0.03521375151701899,0.17606875747906678,6.301693102630722,1.104007105177515,0.02575641590552903,0.01566343451953265
30,596134,21,0.03421843625942332,0.17109218116749814,6.167000719000423,1.0498676985848092,0.02457521216791576,0.014466037957234298
30,596134,22,0.03272607389308281,0.16363036942929748,6.064342508649847,0.9877521968675123,0.023233604840934025,0.013213139114005311
32,596134,1,0.07459686390223132,0.3729843196709456,14.806092610779274,5.700016831508768,0.1200054302588118,0.19336031116498206
32,596134,2,0.06445767197210302,0.32228836027770386,12.816536279620172,4.24247013000776,0.08950658489820049,0.12139559554391663
32,596134,3,0.0586939870002455,0.2934699350447336,11.601634714657312,3.47395679590823,0.07376574250724796,0.08905943169702155
32,596134,4,0.05483384823730079,0.2741692411728372,10.728867785617327,2.9864671737273696,0.06367593054603025,0.07035234125046246
32,596134,5,0.0519969324683382,0.2599846624419637,10.095461704077907,2.6548599080834308,0.056861423851608285,0.05869849628834636
32,596134,6,0.049775845854887556,0.24887922931509432,9.586858445365106,2.405640053090511,0.051739652158122894,0.050385449111612336
32,596134,7,0.04797898244000859,0.23989491224640488,9.182596369922658,2.2152578293033973,0.04783363948824313,0.04443558096245175
32,596134,8,0.046471557592485876,0.2323577880042795,8.842389049360518,2.062129103364774,0.04466169929367825,0.039753874217389164
32,596134,9,0.045174463229833234,0.22587231598535273,8.52841483643474,1.9299327387900924,0.04195515998265262,0.035951239894146635
32,596134,10,0.044035648332304916,0.22017824174153158,8.269713144605012,1.8215255180294505,0.03971783605955395,0.03284519408154962
32,596134,11,0.04301655917361078,0.2150827960135138,8.04922486396849,1.7297040886949948,0.037803985333610325,0.030302727131870932
32,596134,12,0.042092489342408446,0.2104624466800469,7.846207200532405,1.6482181384620422,0.0361203461601094,0.028125448186572578
32,596134,13,0.041243097148079146,0.20621548579483773,7.6784980969541845,1.5787039111149337,0.034681244563435285,0.026292602724159418
32,596134,14,0.04044727858364822,0.20223639287048564,7.517084220072053,1.514672500356848,0.03336146416295541,0.024668286494705396
32,596134,15,0.03969501000091603,0.19847504990896292,7.360004643861487,1.4543123227740828,0.032119530508109236,0.02317270333161067
32,596134,16,0.03896789034551328,0.19483945166956243,7.236084560507972,1.402569441604945,0.03104951274175641,0.021895995514061625
32,596134,17,0.03825287910333887,0.19126439561857314,7.109209710963825,1.351953886149956,0.02998612139149188,0.020699971777976407
32,596134,18,0.03752700162984914,0.18763500810468978,6.996627867096451,1.3047289204500208,0.029010223155869222,0.019639889499613573
32,596134,19,0.03676454271324833,0.1838227137750766,6.906414357924945,1.2609833979546077,0.028104779499881025,0.01870781322595141
32,596134,20,0.03590912654527962,0.17954563278133379,6.821153261408391,1.21573518563564,0.027135033239880157,0.017731992849200004
32,596134,21,0.03485379874875781,0.17426899372149546,6.758539559582658,1.1684821878671874,0.026146501897488003,0.016850749217809907
32,596134,22,0.033214525492269886,0.1660726276137333,6.6840073050360065,1.102077174972671,0.024758158194142253,0.01566914682060507
34,596134,1,0.06600245551915758,0.3300122775032265,18.18389655962001,6.254514046138762,0.14080037840070334,0.22275017623816631
34,596134,2,0.05945545086322992,0.29727725439523794,13.195551250655724,4.082632271465182,0.09350951901744137,0.1239529018489771
34,596134,3,0.05547720989221086,0.2773860493712175,10.84003401152641,3.1047817074619064,0.07235611939450774,0.08470192244005538
34,596134,4,0.052704155173551266,0.26352077574011257,9.552106585945163,2.5811380340367944,0.061057214125784375,0.06555580496822488
34,596134,5,0.050622575528185026,0.253112877584021,8.702045064945619,2.2454339210340515,0.05380283984789586,0.05407947559004509
34,596134,6,0.04896685600799511,0.24483428015532732,8.09336720197495,2.009259329183329,0.04873121822282121,0.046378045100182626
34,596134,7,0.047597090579046444,0.23798545275960212,7.636436814177072,1.8342923688305115,0.04493839601615612,0.040863759175249474
34,596134,8,0.04643441637144024,0.23217208203546252,7.266689552103357,1.6958635600570282,0.04191702068656877,0.03660352298298375
34,596134,9,0.04541957615407636,0.2270978808457957,6.994606633504006,1.5909619588192139,0.03961855340987865,0.03343544326599115
34,596134,10,0.044523246900114194,0.22261623436932773,6.762303914229425,1.5027661629268456,0.03766558902720147,0.030819859527062923
34,596134,11,0.043716315561938404,0.21858157783559448,6.571029273779922,1.4293350565718141,0.036050703880220115,0.02863756808433083
34,596134,12,0.04298323538527271,0.21491617691200943,6.4205333828274584,1.3692536207853419,0.03473577979200795,0.02695379223167523
34,596134,13,0.04230524963718038,0.21152624822457747,6.271735017239989,1.312823044611028,0.03347540306069319,0.02533757334499993
34,596134,14,0.04167532158336905,0.20837660785680406,6.132596577726854,1.2612372422345544,0.032368949552083776,0.02393497590758118
34,596134,15,0.041080698003537496,0.20540349010664943,6.028061227273387,1.2186970903370102,0.03136133713797145,0.022675756732878652
34,596134,16,0.04051126937011949,0.20255634684346727,5.910521959353577,1.1757700552028847,0.03042718661977903,0.02155968927460841
34,596134,17,0.03995773716005922,0.19978868575488404,5.836889875120443,1.1429091972844068,0.02969000658235677,0.020705208704944852
34,596134,18,0.039408322136707426,0.19704161056874772,5.746704766993556,1.1069472162200187,0.02892630597214621,0.01978861375689546
34,596134,19,0.038844113724643754,0.19422056860948955,5.651192481359887,1.070264894387707,0.028105946879694095,0.018872952995314853
34,596134,20,0.03823592121087352,0.1911796060488684,5.5935442870056304,1.0405603635579768,0.02750552447430464,0.01825777487429855
34,596134,21,0.03753043548443423,0.187652177374625,5.537463326973398,1.0081369657263828,0.026833940182807017,0.01749143296689488
34,596134,22,0.03654834776514301,0.1827417389523996,5.534530941575688,0.9768498167260362,0.02612206768117586,0.01663866025303605
37,596134,1,0.06942942234113364,0.34714711147758914,24.616586232517555,8.807697923007298,0.10387699781452613,0.1629991664569505
37,596134,2,0.06252743558519619,0.3126371779956082,21.777152237551736,6.968254464981894,0.08243424987658549,0.11068173213754508
37,596134,3,0.05808594888152769,0.29042974427322066,20.16799111038912,5.962140158022015,0.07080454507331341,0.08591179288029997
37,596134,4,0.0548340950842731,0.2741704753862957,19.065409892249292,5.30073757544808,0.06312332819464714,0.07104322113598116
37,596134,5,0.05228033021762617,0.26140165115355873,18.19631834582742,4.808090002289042,0.05738445713669737,0.06076898099321698
37,596134,6,0.0502006050783297,0.2510030253594657,17.480552753464874,4.4235801921108395,0.05296069514469808,0.05328070238029042
37,596134,7,0.04846730519276232,0.24233652587594326,16.859319690082778,4.110300097654783,0.04932335400723079,0.047423197935652736
37,596134,8,0.0469867378717521,0.23493368936562198,16.314305081249895,3.8486653328401426,0.0463066617275926,0.04276292624987773
37,596134,9,0.04569237593156358,0.2284618795574264,15.835623814953461,3.62693017143481,0.043751947789590635,0.038964615238444425
37,596134,10,0.04454618917378774,0.22273094579951142,15.461104613145835,3.446999586762303,0.04168359248006489,0.03595491867382071
37,596134,11,0.04351472066226938,0.2175736035316458,15.097873793456612,3.2837855968365055,0.03982118905398076,0.033369214823136664
37,596134,12,0.04257159881650996,0.21285799420498183,14.799299766540578,3.1455480592568223,0.03822698804254201,0.031206036849116
37,596134,13,0.04170319648070417,0.20851598249007688,14.52598143940668,3.0211265772467017,0.03679201877307114,0.029302515692785757
37,596134,14,0.04089051776950645,0.2044525889219776,14.262450857783536,2.905643002402842,0.03545320666264232,0.02756992396996319
37,596134,15,0.04012180608331117,0.20060903049106993,14.042176447012034,2.804706747448375,0.034293199922725705,0.02612167241630752
37,596134,16,0.039382216013347605,0.19691108027586982,13.82853883856076,2.708527220486647,0.033157255182586116,0.024714557799712638
37,596134,17,0.03865109271927627,0.19325546383340902,13.579742295679797,2.6092124224199433,0.03200815332524491,0.02339806270796875
37,596134,18,0.03791072467148854,0.1895536232612818,13.338514877095074,2.512174644918173,0.030873826301628576,0.022114372213875966
37,596134,19,0.03712890093740273,0.18564450459205575,13.081695582505626,2.4120199257866424,0.029709253753831953,0.02089262009780891
37,596134,20,0.03625496733050092,0.18127483671144282,12.718919341924053,2.288666491289244,0.028242072212269917,0.01935920200404762
37,596134,21,0.03518783908171492,0.17593919541766698,12.242288535466272,2.138254469269216,0.02645426017458709,0.017567188899374232
37,596134,22,0.033631974267715636,0.16815987132308982,11.162420359777576,1.8679953656095984,0.023318747361884967,0.014588074584074516
39,596134,1,0.07125675783746428,0.35628378962626944,32.59305510147086,11.830849969042745,0.10496519385637808,0.16369153426212452
39,596134,2,0.06466037156320581,0.32330185762325736,29.268393280194445,9.623542805492816,0.08526377340502543,0.11669321572782994
39,596134,3,0.06004480460208942,0.30022402293523315,27.18284133844045,8.275743086761892,0.07331923920640626,0.09100032265951469
39,596134,4,0.056487066510338385,0.28243533251792813,25.726451888637914,7.350132678598427,0.06517332182824127,0.0748258048110667
39,596134,5,0.05361130320232455,0.2680565163512604,24.572607763319887,6.647175957368246,0.059000347424735276,0.0634999941091334
39,596134,6,0.05120775978411777,0.2560387989489222,23.618852992699416,6.0907700880837785,0.05412754638799976,0.055107733429734504
39,596134,7,0.0491672810614571,0.24583640518724062,22.76415595449279,5.628484723455715,0.05006666728625478,0.048405764603560754
39,596134,8,0.04740030231600751,0.23700151182750745,22.044610180400287,5.2475550089045715,0.046727512043241916,0.04316869198410673
39,596134,9,0.04585192820962659,0.22925964108042193,21.368938236965235,4.914977084826995,0.043842073056996944,0.03880172436520072
39,596134,10,0.044477111496271225,0.22238555768643226,20.790489617704313,4.634075116762777,0.04139976491370576,0.035263788589171306
39,596134,11,0.04324549735287211,0.21622748675176864,20.277937534447215,4.391130084962532,0.03929510117117319,0.03233502627702516
39,596134,12,0.04212855946056781,0.21064279723783608,19.799928061840152,4.173954206536099,0.03742307373572775,0.029823463816705146
39,596134,13,0.04111056612279165,0.20555283066814406,19.377897875743976,3.984166918564727,0.035788641762352635,0.027675572029278075
39,596134,14,0.040167795658480915,0.20083897821289126,18.9993209390869,3.814884210941721,0.03432582363921801,0.02585117526043276
39,596134,15,0.03929013827481457,0.1964506915119401,18.629655855738093,3.657424102358907,0.032961172444043584,0.024135968612935193
39,596134,16,0.038453160064216375,0.19226580025395423,18.299015115421295,3.5150024385933833,0.031737016013598414,0.022643553208102605
39,596134,17,0.03764195520186814,0.18820977587503232,18.014635805566684,3.387358773301269,0.030645304636433085,0.021372417455099692
39,596134,18,0.03682758241926281,0.1841379119933229,17.71364077414467,3.2584903256941398,0.02952058464022407,0.02006820021250614
39,596134,19,0.035973313214034325,0.17986656603087114,17.406743161224387,3.1280772025265695,0.028389719000913086,0.018789612108501507
39,596134,20,0.03501713968949812,0.17508569835535726,17.068283894861548,2.98706532867301,0.027166476557159286,0.017469537769644623
39,596134,21,0.03384176150849753,0.1692088074534257,16.59783030192501,2.8105770724311507,0.025634220153667103,0.0158978602379102
39,596134,22,0.03213784450876254,0.16068922245423523,15.760467707081961,2.5386898332897774,0.02322742682056134,0.013474123144208202
41,596134,1,0.06934308318870698,0.34671541598870326,22.040378646455892,8.131539655300386,0.12706479543846977,0.21111139753113825
41,596134,2,0.06322801509684163,0.31614007559780394,18.346066189506875,6.1128961854710715,0.09564489282792443,0.13423552607550188
41,596134,3,0.05850961004266232,0.2925480504325419,16.113382068487745,4.919493501718221,0.07774825042204042,0.09542864716202522
41,596134,4,0.05471842652389315,0.2735921325766846,14.472753589261202,4.08793081785774,0.06540677723653078,0.07153963772489509
41,596134,5,0.051831922317860255,0.2591596117893469,13.320521868903759,3.5325304335049066,0.057199178517563974,0.057417821921869734
41,596134,6,0.04960159087294215,0.24800795427184938,12.434398047559704,3.1337453317679325,0.05126123531250111,0.04807314016877166
41,596134,7,0.04783562313301893,0.23917811567093128,11.757992949532476,2.841934034029944,0.04685444287518225,0.041520210086613496
41,596134,8,0.04637776098605317,0.23188880495100028,11.176137343545227,2.60665673145723,0.04333697394205695,0.03664476343679383
41,596134,9,0.04514100405618168,0.22570502041531368,10.703973254162193,2.420174675250802,0.04050307224658724,0.0327975299580608
41,596134,10,0.04407153127832018,0.22035765640714236,10.312482748603228,2.26825097528007,0.038197378297051394,0.029839482820932187
41,596134,11,0.04312146928085031,0.215607346224253,9.965379938306613,2.137560218243765,0.03623154764984974,0.02738869461961773
41,596134,12,0.0422676143031329,0.21133807144501865,9.635839713821724,2.0204196893604576,0.03448511964915818,0.02529757371800426
41,596134,13,0.04148777807424023,0.20743889009754135,9.376849701934038,1.9247424580200823,0.033059804228265585,0.023653845957109017
41,596134,14,0.04076475672121359,0.2038237835860459,9.128595576753463,1.8366338938232991,0.03170274734359303,0.022098466577726166
41,596134,15,0.04008608086602116,0.20043040434148537,8.92502468678068,1.7618908206795314,0.03060387537315378,0.020868530095843524
41,596134,16,0.039438583949885676,0.19719291947419068,8.732349321242898,1.692419805890504,0.0295736260091038,0.01978444216047055
41,596134,17,0.038808624931841375,0.19404312475296498,8.57058597550405,1.6313567560790416,0.028667798490520837,0.018792966832872623
41,596134,18,0.03818447778745087,0.19092238877207549,8.450353440244085,1.5792847797651284,0.02791150341482863,0.018014685741017427
41,596134,19,0.03754072829459715,0.1877036416258539,8.344705942702406,1.530101121917942,0.027178806597011388,0.017278531742124695
41,596134,20,0.03684196691457383,0.18420983453693066,8.224031054452519,1.4772259121377727,0.026443001492103414,0.01657445724780032
41,596134,21,0.03600932753234941,0.1800466377672909,8.145973149079504,1.427177141087039,0.02572522725186936,0.015933174550702197
41,596134,22,0.034790023958931035,0.17395011942323474,8.18756807853286,1.3839883546467664,0.025199945423796163,0.01570101883249601
43,596134,1,0.07197368447462084,0.35986842238332767,30.236354317447034,11.411836362417553,0.12184828233203268,0.19531639480839824
43,596134,2,0.06429072829417513,0.32145364134569404,25.678740604099122,8.574701163244741,0.09166443046185231,0.12341233031054276
43,596134,3,0.059275583021297935,0.2963779149532247,23.077552571726212,7.047168923028548,0.07568728545298205,0.09076150037463779
43,596134,4,0.05560569836853897,0.2780284921946869,21.29269609076565,6.0590242821526665,0.06547693480454277,0.07212872186571165
43,596134,5,0.05275853548961314,0.26379267753162217,19.93878094529373,5.352773399784196,0.05822611626536724,0.05983990975211946
43,596134,6,0.05045612680531654,0.25228063386668115,18.878350259639674,4.824903098125271,0.05280783986274661,0.05130029047026185
43,596134,7,0.048536853955481934,0.2426842697181184,17.972516950915804,4.401431662286209,0.048442655406139935,0.04473924204605404
43,596134,8,0.04690183792424183,0.23450918967743214,17.214310918660285,4.060083769497178,0.04496439359981539,0.03974509868861631
43,596134,9,0.04549372295653526,0.22746861475929847,16.566524932851678,3.7792189869928365,0.042036216467341334,0.03574320225132553
43,596134,10,0.04425046110124242,0.2212523054838904,16.006469748940013,3.5430586301128635,0.03961033886114033,0.03252059719338914
43,596134,11,0.04314517584714572,0.21572587902807164,15.479817040192541,3.3335425477616494,0.037454559325503796,0.029754550668537598
43,596134,12,0.0421482392047625,0.21074119602440616,15.009898297048029,3.1518121408697586,0.03557740630753081,0.027436807044775035
43,596134,13,0.04123832676406772,0.20619163383408656,14.576038162311228,2.9895257140332006,0.03388256048782379,0.025406516366819232
43,596134,14,0.04039627237133563,0.20198136195439192,14.18512292746813,2.8456004833852515,0.03239804233562567,0.023667818239168553
43,596134,15,0.03960196880816564,0.19800984402688648,13.853125478343177,2.7208305096112917,0.031117606547235967,0.02222916035217883
43,596134,16,0.03883776824475485,0.19418884127898803,13.52509543551988,2.602049938012662,0.02989402692417861,0.020879093055808977
43,596134,17,0.038085553992954574,0.19042776978126544,13.245812332258572,2.4966369172534884,0.02881659938161174,0.019761576566935928
43,596134,18,0.03732389476383278,0.1866194738067032,13.008921689500246,2.400461271017527,0.02782647371610074,0.018746680317270503
43,596134,19,0.036523813336294675,0.18261906672286415,12.830108760137657,2.3148697972191283,0.02695699435921783,0.01792162149920136
43,596134,20,0.03563610023635159,0.17818050122354243,12.669694555750537,2.2282865753957055,0.026048462093300122,0.017080737327526865
43,596134,21,0.03456880818187516,0.17284404063420528,12.59434136740865,2.145960672096526,0.025201462967799994,0.016307903382346303
43,596134,22,0.03295084591747227,0.16475422965527636,12.618093413061576,2.045740654122556,0.024061311852976826,0.015294839865475933
45,596134,1,0.07560205010330719,0.3780102503790061,43.17526447898921,16.85612622383119,0.11099415813257354,0.1717093104125359
45,596134,2,0.06700791425045195,0.33503957123537476,37.91145270423165,13.07606175159184,0.08599212920655902,0.11382723540845958
45,596134,3,0.06148522065118274,0.3074261033418261,35.196471301216064,11.076684603035053,0.07307933004729096,0.08747804762146244
45,596134,4,0.05739816636245383,0.2869908319223905,33.46378779663039,9.783161803861592,0.06477924597670846,0.07217979017008802
45,596134,5,0.0541707345871276,0.27085367275547695,32.088276969300146,8.81734138291512,0.05862444432508794,0.06159191594046868
45,596134,6,0.05153288152581466,0.25766440757934306,30.97407738153081,8.067432519680997,0.053860809302299084,0.05385466240526255
45,596134,7,0.0493296913378886,0.24664845667143315,29.95210157418847,7.445187947588091,0.04990338677981863,0.04772970011115845
45,596134,8,0.0474415183733074,0.23720759176347714,29.06559141957065,6.930369858754286,0.046632635652798085,0.04288857367174224
45,596134,9,0.045797621088844435,0.22898810542070686,28.284707878862072,6.496162848005512,0.04387529919900312,0.03898758986156622
45,596134,10,0.04434397745149149,0.2217198873037194,27.537759754318092,6.1120419113787365,0.041430790232693325,0.03564774426316473
45,596134,11,0.04303340915031519,0.21516704557616423,26.855839945786084,5.775170019977096,0.03927756733338247,0.03277717504328764
45,596134,12,0.041840443259696394,0.20920221628688992,26.206286359790052,5.471252772967148,0.03734540430090544,0.03029565672566365
45,596134,13,0.04073954253321391,0.2036977126558148,25.577125596925413,5.192590915104963,0.03556338031602228,0.02807821792014742
45,596134,14,0.039708489169340215,0.19854244585096295,25.025865834045355,4.946662707715891,0.03398935303334892,0.026164994686416903
45,596134,15,0.03873155930500798,0.19365779657473886,24.44945537431466,4.709890290293248,0.032468100457135815,0.024368020545742882
45,596134,16,0.03778931063653905,0.1889465533176754,23.93527420308431,4.4948687989397715,0.031099328040715864,0.022813880787118785
45,596134,17,0.03685783425033544,0.18428917125960728,23.420037685943928,4.2872487236609125,0.02977907945386022,0.021319768745731937
45,596134,18,0.03591302089585761,0.17956510449676671,22.98368826514531,4.096455154321296,0.02855941646303606,0.019985547868532034
45,596134,19,0.034910666533545895,0.17455333273312298,22.625731169742124,3.9179125352436897,0.027429946782117316,0.01880083263953528
45,596134,20,0.033784267145249604,0.1689213358645246,22.456425036050533,3.758836504709295,0.02641901689300636,0.01781489587370832
45,596134,21,0.0323787113268902,0.16189355686003348,22.412153394290883,3.5921379333313235,0.025359268131178853,0.01678070659634955
45,596134,22,0.03020296999881356,0.15101485004159831,22.12176979251487,3.3142893095947654,0.02353790996326738,0.014900680863726576
48,596134,1,0.07281565745075895,0.364078286935104,77.42390682750032,29.10731072413476,0.17612023329029766,0.2863520854647932
48,596134,2,0.06549997473630274,0.32749987376377665,54.06653503103237,18.506360323610114,0.10988610940977304,0.14770708442404815
48,596134,3,0.06028349172014575,0.30141745844602646,42.843434994333045,13.430007612921559,0.08073450059832038,0.0939577148449582
48,596134,4,0.056372042910315064,0.28186021483223406,36.49449665546649,10.62119414070898,0.06489248119223079,0.06755914909876151
48,596134,5,0.05331191876166941,0.2665595941178141,32.4024679246786,8.857107571795062,0.05498613824663731,0.05238647790615449
48,596134,6,0.05083041019308684,0.25415205095276727,29.462165874318192,7.632242923780879,0.04800034202666659,0.04235732106239129
48,596134,7,0.04877465183864397,0.2438732592302019,27.291101350323153,6.7469770604580335,0.04300804550822482,0.03564984830206854
48,596134,8,0.047028239738788634,0.23514119860871818,25.566585930197483,6.066224049462726,0.039156919685165985,0.030723643603530824
48,596134,9,0.045522609245921226,0.22761304651806377,24.115344621929218,5.516356576615559,0.03597184734757795,0.02680998752395347
48,596134,10,0.044213079321213336,0.2210653966821055,23.036694198101426,5.101069991362953,0.033595433408174544,0.024072977472807264
48,596134,11,0.04304305819600208,0.21521529101742365,22.083320572386434,4.7459688915538445,0.03154553617095841,0.02172186794260423
48,596134,12,0.04198863452261579,0.2099431725212924,21.301806092413045,4.454699979489749,0.029837038332541886,0.019808400665736418
48,596134,13,0.04102407028504898,0.20512035138956267,20.630722890008048,4.206211566400526,0.02841703835542907,0.01831127850830038
48,596134,14,0.04012959702365074,0.20064798515661056,20.102873722828715,4.001363396304642,0.02724296240939228,0.01708407510400907
48,596134,15,0.0392848440794449,0.19642422048399927,19.748695040971207,3.8412665600014657,0.026317789463987006,0.01616319282836713
48,596134,16,0.03846881131678683,0.19234405652364928,19.43426230552502,3.695983140797717,0.02548006328383022,0.015320130821042619
48,596134,17,0.03767016272625987,0.1883508135532733,19.292174492537523,3.587556372264614,0.024853351664307657,0.0146902373008298
48,596134,18,0.036860193955222414,0.18430096991132347,19.28984779314563,3.5049578692630403,0.024373396600369638,0.014202766816159739
48,596134,19,0.03600724488206948,0.18003622428490956,19.430220100468027,3.444223860032268,0.024021153592600514,0.013835016488764031
48,596134,20,0.035054997916877044,0.17527498945684772,19.727396447763635,3.3984660083205616,0.02374840510306875,0.01357962349350707
48,596134,21,0.033861883722126764,0.16930941866431654,20.306389767197675,3.371948879958819,0.023633483562943085,0.013516262340128196
48,596134,22,0.03195442550589203,0.15977212753904313,21.997382313033974,3.431026471915099,0.024177730819435597,0.014185177247047482
50,596134,1,0.07643051122886547,0.3821525560419924,82.58642591908576,31.911906629101,0.12590008511484516,0.20126080533569968
50,596134,2,0.06994193645964641,0.3497096821815992,70.9527258368596,25.311020867456058,0.09801336153013393,0.13532884098506456
50,596134,3,0.06513351799163394,0.32566759018378655,64.14836180062976,21.35887476640326,0.08260930759064394,0.10256864605644685
50,596134,4,0.061080271472976844,0.3054013570075617,59.951900759775356,18.723765163843137,0.07239557326533344,0.08247614613132859
50,596134,5,0.057534051024812544,0.2876702550115917,56.53859132542763,16.61546891050788,0.06434839819716645,0.06801159804773835
50,596134,6,0.05437277656631963,0.27186388272320783,53.52694865263038,14.838148470376732,0.057674070364679274,0.056805049974370955
50,596134,7,0.05155256039795619,0.2577628017727128,50.881391719716795,13.336528333402288,0.05202230593988474,0.04799377329833589
50,596134,8,0.049022846082721026,0.2451142305978593,48.61545343784943,12.081497301536379,0.047360645847441034,0.04118808688354933
50,596134,9,0.04674600460956914,0.23373002298549858,46.50160889933872,10.981843033761002,0.04327669470651479,0.03560006263693748
50,596134,10,0.04469782989695931,0.22348914933196273,44.676636520921114,10.05609808652775,0.03982491265702393,0.03112779395946811
50,596134,11,0.042848589857780846,0.2142429494491682,42.90938345296124,9.229059576216734,0.03677773234558636,0.02735518348554231
50,596134,12,0.04117127535910923,0.2058563767305807,41.377976594952244,8.524426812446382,0.03418511381263819,0.02431652635201842
50,596134,13,0.039635425720524343,0.19817712873339627,39.90064240761288,7.889655633823744,0.03185367702951702,0.02169753149579964
50,596134,14,0.038226756045935215,0.19113378032568074,38.58765646776616,7.338278399870811,0.0298294111552287,0.019545172065742758
50,596134,15,0.036928740381973454,0.1846437021225735,37.33361038006668,6.841360452404571,0.027996293988326534,0.017653648034925213
50,596134,16,0.03571500997541898,0.17857504990514703,36.115288927703645,6.388212740627065,0.02632239132830513,0.016015741547687385
50,596134,17,0.03456423591973226,0.17282117960021734,34.993947273727436,5.981271813696943,0.024827249120875115,0.014584272345932013
50,596134,18,0.03344495515521534,0.16722477588813836,33.92229940638287,5.603205525152438,0.023430433288226613,0.013335465405475309
50,596134,19,0.032321454182416366,0.16160727087334378,32.98088814337842,5.260398412665299,0.022157897889752736,0.012218554750345188
50,596134,20,0.03112619031874291,0.15563095165015625,32.1532162170448,4.938711017666081,0.02099022306936239,0.011250932053520873
50,596134,21,0.029734555275797044,0.14867277621602792,31.396233308761893,4.608027859057636,0.019775735491546265,0.010316615549396562
50,596134,22,0.02777050601733024,0.1388525301617964,31.061517118991315,4.252536462408163,0.01842848629512036,0.009343932285211137
52,596134,1,0.08256218760655554,0.41281093820687714,42.42700953750534,19.133935366609638,0.15045382040848423,0.263092325850986
52,596134,2,0.07019103817632011,0.35095519072922293,32.93654913399909,12.43410168074532,0.0963781885196085,0.13025254711118858
52,596134,3,0.06256872489932926,0.31284362444914077,29.142770669627847,9.67258387460022,0.0759844003240229,0.08874592196930885
52,596134,4,0.0573287176309408,0.28664358812476465,26.607542007560333,7.981618972181826,0.06383083625743202,0.06694692142880224
52,596134,5,0.05351974262270817,0.26759871326967416,24.81300275845467,6.866366841271161,0.055863106874248857,0.05394006733572798
52,596134,6,0.050553590110491625,0.2527679506442759,23.32258018125297,6.031088798132267,0.0498889038754065,0.04485775679384519
52,596134,7,0.048165947305158434,0.2408297365191369,22.195427613316802,5.415578076048019,0.04554044779720936,0.03871038997820929
52,596134,8,0.04619859552824293,0.23099297754870948,21.217817644265743,4.926360754308001,0.04196316480878736,0.033888167638730204
52,596134,9,0.044542347851151826,0.222711739459148,20.432467793457036,4.541555501244499,0.03913330396763846,0.03022908034268468
52,596134,10,0.04311263712392828,0.2155631859158354,19.763439356912585,4.2269288700505285,0.036836294682124,0.027433414581211662
52,596134,11,0.04185524028090593,0.20927620119894738,19.19956285780659,3.965279567598896,0.03492457524229126,0.025172377662479165
52,596134,12,0.04074240792323416,0.20371203952166592,18.65607490014892,3.7334128007222107,0.0331890520463834,0.02319901824605933
52,596134,13,0.03973667440283434,0.1986833721631373,18.26054484931547,3.548747646014021,0.03177016254363928,0.021598292237577206
52,596134,14,0.0388155299429292,0.19407764974594766,17.848501693567837,3.37447173537149,0.03041308101340874,0.02011799891238427
52,596134,15,0.037954243004442334,0.18977121496665733,17.547541790057945,3.2325702105448446,0.029314265412858167,0.018959940084487502
52,596134,16,0.03714238089070226,0.18571190463932774,17.226286547260628,3.0946858907722006,0.028256285595840248,0.01786342443204991
52,596134,17,0.03635859625777767,0.1817929812949437,16.975617770158554,2.9755343574245092,0.027341906122765856,0.016964221103734137
52,596134,18,0.03558191994069968,0.17790959981005153,16.737443767302803,2.8628462382609325,0.02648130342464084,0.016142814207753427
52,596134,19,0.03478650242062254,0.17393251220996578,16.598626328346846,2.7673070549010244,0.02576026771183752,0.01545126721131926
52,596134,20,0.033926278976377074,0.16963139507005146,16.68471914919603,2.7045070397339406,0.025320566734751592,0.01507366177772642
52,596134,21,0.03290978467568179,0.1645489234743855,17.172770818184397,2.692848109087978,0.02532901136391254,0.015205398407090434
52,596134,22,0.031446912416641284,0.15723456206498254,18.465875190743027,2.7612934245719267,0.02602705541267374,0.016149456860583295
54,596134,1,0.08242741514635235,0.4121370759470551,56.37971984602507,25.020749389284,0.1465575056325411,0.25295259198569914
54,596134,2,0.07099140248390957,0.35495701252994416,45.946325178775744,17.49911535367859,0.10012314234239136,0.13747819928918922
54,596134,3,0.06380713336293477,0.31903566713100234,40.40700076377759,13.688959224003074,0.07914908239005315,0.09412774161820922
54,596134,4,0.05860814236840455,0.29304071197062886,36.784229086442274,11.30763126655955,0.06640443198231427,0.07087459767012882
54,596134,5,0.054628533428486614,0.2731426672566788,34.15090848401897,9.675125084966963,0.05772929205772772,0.05648146610970762
54,596134,6,0.0514597779753455,0.25729888996405215,32.06598782467858,8.469769638045106,0.05136380022341003,0.04674293771156211
54,596134,7,0.04886483385595501,0.24432416932088777,30.416790780673104,7.5598494575164645,0.046559165154435526,0.039888718049971086
54,596134,8,0.04668784015970847,0.2334392009879208,28.9961718821681,6.830477503418785,0.042663737080483766,0.034603447697818555
54,596134,9,0.04483869161109112,0.224193458032259,27.831598728572335,6.251953042590905,0.03953896822021455,0.03058622583358642
54,596134,10,0.0432336924721584,0.21616846229272074,26.819927372445928,5.773028593654156,0.03694369289553049,0.027392102291857286
54,596134,11,0.041831396845896186,0.20915698430741322,25.974675263632133,5.37973983045079,0.03480097926675581,0.024831454545499808
54,596134,12,0.04057742149738385,0.2028871073908146,25.228132513161043,5.0437850929895705,0.03295183318315762,0.02273597788176712
54,596134,13,0.03944594567136934,0.19722972853729517,24.54504727967392,4.749412616469565,0.031327735216569126,0.020949738767555088
54,596134,14,0.038411631910865995,0.19205815950537466,23.99216603988504,4.501310475301119,0.029927404992734174,0.019430964985350616
54,596134,15,0.0374521220812502,0.1872606102838971,23.430453845125673,4.27007929135274,0.02863400253568069,0.018087282380916128
54,596134,16,0.036549937535958664,0.18274968782222867,22.9689736590799,4.070934747502326,0.02752350847030052,0.016973449547970813
54,596134,17,0.03568759101203437,0.17843795480316274,22.550281829429437,3.8897376141945874,0.026504430128608116,0.01599892765879772
54,596134,18,0.0348429589257103,0.17421479478393495,22.254565788580702,3.7358074040674096,0.02562234810622253,0.015152688063281529
54,596134,19,0.0339884399762132,0.16994219983154515,22.02209550118472,3.595641462923837,0.02481306690928536,0.014412939608611727
54,596134,20,0.03308421963442197,0.1654210980224912,21.916090840676496,3.472052081270514,0.024098680447297433,0.013795637406334035
54,596134,21,0.03203484752720099,0.16017423770346692,22.09053183976607,3.3783342912119507,0.023595327612752404,0.013400422716418805
54,596134,22,0.030546024348738963,0.1527301216201067,22.70688961678186,3.298530492305659,0.02316786515842543,0.013097186941834076
56,596134,1,0.08174043579710225,0.40870217928166774,74.17459176422554,31.428369412901166,0.1402086910820694,0.23208693637378852
56,596134,2,0.07276053512339609,0.36380267557548657,63.36649705640048,23.999000219951984,0.10567516331682494,0.1474627412916691
56,596134,3,0.06620658696142569,0.33103293453810545,57.75084770568996,19.919099453273724,0.08750188584531265,0.10928961938988095
56,596134,4,0.06107257992022591,0.305362899713988,53.173616651474184,16.895531536410434,0.07415783952377346,0.08389507003250436
56,596134,5,0.05683498817424984,0.284174941076894,49.22860339135935,14.491135040069244,0.0639549184717072,0.06606271019741317
56,596134,6,0.05329374844682596,0.26646874215485394,46.02900261725342,12.633343240899574,0.05617684744366298,0.05348645491990706
56,596134,7,0.05025530175460321,0.25127650848354605,43.139376720253686,11.09024018444762,0.04980396009131032,0.04380962514725257
56,596134,8,0.047645508257212525,0.2382275414001646,40.80673574335783,9.880724800844169,0.044841155687653365,0.036831530807953226
56,596134,9,0.04538127679138567,0.2269063839801187,38.73936400945771,8.869522761325847,0.04070785836131038,0.03138739398052316
56,596134,10,0.04340083820213221,0.21700419131391024,36.86478133679241,8.016671709864173,0.03723162872744599,0.027027933755231413
56,596134,11,0.04165308439471426,0.2082654220137779,35.19037418470871,7.296723031327619,0.03426728435906865,0.023529232856048486
56,596134,12,0.0401103191936758,0.2005515960493921,33.787828087650325,6.706800308037871,0.03183929749677081,0.020810064381461654
56,596134,13,0.03874118292103019,0.19370591471797188,32.51746607822636,6.1992467537897715,0.029738561466728243,0.018511599342058527
56,596134,14,0.03750739435653433,0.1875369717363847,31.530199384047986,5.790563178265529,0.028021056598926397,0.016751431141957047
56,596134,15,0.03638717158845233,0.1819358577507898,30.606047811019515,5.428423694764596,0.026479389158039823,0.015199414864593412
56,596134,16,0.035356585215583124,0.17678292607745943,29.72372009759884,5.09999025789996,0.02509535344111067,0.013851248341308959
56,596134,17,0.03439344954547648,0.1719672479054625,28.962521534904614,4.8155243699758525,0.023860307073980666,0.012707559260670775
56,596134,18,0.03347349785330522,0.1673674895178267,28.116404183636003,4.53354399654476,0.022638707771668626,0.011583435168752269
56,596134,19,0.03256899368920417,0.16284496851402336,27.24490276095355,4.260318337599789,0.021457914391341176,0.010577315427794668
56,596134,20,0.03162805285613577,0.15814026423016125,26.193256275052974,3.965876851156333,0.02019507954201705,0.00951279503583096
56,596134,21,0.030556297041506895,0.15278148513493264,24.94704776160638,3.6421943218929838,0.018812872893078595,0.00838300017601469
56,596134,22,0.02903217174356611,0.14516085867640538,23.731353434411815,3.2822992272412,0.017334227267796893,0.007237696818558938
59,596134,1,0.08158690904283533,0.40793454508144616,48.70322109852585,21.978988377522988,0.13270269600027224,0.22399986365873134
59,596134,2,0.0702083228978781,0.3510416148640292,40.4581958758205,15.58023346924515,0.09585081044796769,0.13254459969044455
59,596134,3,0.06292601954465321,0.3146300974005759,35.99375448674959,12.244501777435335,0.07720348789422274,0.09333513201971877
59,596134,4,0.05774162769322351,0.2887081387444204,32.68136198231815,10.023146593243997,0.06516947118345591,0.07087109738120842
59,596134,5,0.05380304714231549,0.26901523593192633,30.22977688942622,8.486331015397834,0.056895584260069146,0.05691779537581624
59,596134,6,0.050739256668241375,0.2536962831885668,28.433437062538754,7.4133607896278395,0.05105741777238695,0.04767173261500509
59,596134,7,0.04827930351019632,0.2413965177173134,26.938313378674593,6.599480673831096,0.04658835233581149,0.04116523166434474
59,596134,8,0.046248212360929755,0.23124106192006932,25.772994626096192,5.982885721712347,0.043075693749196335,0.036198615061533344
59,596134,9,0.04453404113001192,0.2226702054530573,24.902695053477633,5.515746350124287,0.040400902340675456,0.03265446935714159
59,596134,10,0.043061136072467386,0.2153056804008563,24.042199591054047,5.108229586788193,0.038049998106663686,0.02960528775636687
59,596134,11,0.041773359790510264,0.20886679887328172,23.414177326462937,4.7902100621967465,0.0361795856569645,0.02728204386043772
59,596134,12,0.04063268552706354,0.20316342746940455,22.769142700362995,4.501664434004428,0.03443195711509964,0.02513129055463186
59,596134,13,0.039601474115236485,0.19800737054423712,22.306870113034893,4.272505829785649,0.03304117290706358,0.02351102548837892
59,596134,14,0.03866373806733516,0.19331869015447756,21.820913051557206,4.05848717425413,0.031710856026700526,0.021939074136003822
59,596134,15,0.037801801980713055,0.18900900997839803,21.439739038753817,3.8781473554961194,0.030592594404014847,0.0206831407601106
59,596134,16,0.03699576398492823,0.18497881998970658,21.075116174529242,3.7151281621639822,0.029576855539861033,0.019556880124206644
59,596134,17,0.03623109442382959,0.1811554720366163,20.695784812061287,3.5564109383204845,0.028545100791893704,0.018439897163163042
59,596134,18,0.0354894727156024,0.17744736347985768,20.365543267366526,3.4139978089811533,0.0276434057409668,0.017498243752892016
59,596134,19,0.03474703433842182,0.17373517165723298,20.075207883651046,3.2821098732256884,0.026682665609542945,0.016469070626411585
59,596134,20,0.033970217931412035,0.16985108963551646,19.745352407776096,3.1438888947754635,0.025784194307750655,0.015617433416864366
59,596134,21,0.03308691052748003,0.16543455266252458,19.4378858115448,3.0011740920120267,0.024753319517559078,0.014645622110635241
59,596134,22,0.03187857065505982,0.15939285330596334,19.555996418736758,2.8957915065096707,0.02406387832602479,0.014257218652286465
61,596134,1,0.08012753564208006,0.4006376781900783,68.94327269457874,30.1218726779446,0.14510575644320345,0.25501041744852676
61,596134,2,0.07013231595932641,0.35066157984162544,55.89301436129799,21.35086031409809,0.10324971039499278,0.14701867892752615
61,596134,3,0.06337600062354376,0.31688000311781256,48.49929203256013,16.558305820716242,0.08159684115085618,0.10028076829611511
61,596134,4,0.058365574867056104,0.29182787421674794,43.235855199483225,13.382889940354918,0.06780957807390149,0.0739532696657535
61,596134,5,0.05444489368902723,0.2722244682942083,39.41981294678588,11.21042052770118,0.058381413245183755,0.05763435200154814
61,596134,6,0.05131374150921168,0.25656870775097207,36.574432937506366,9.663881760559708,0.051600803011455976,0.04678808745204843
61,596134,7,0.04876453154169087,0.24382265783682927,34.300637406140176,8.507714404629862,0.04649090226038685,0.039329991011548424
61,596134,8,0.04665868589025438,0.23329342960008131,32.58853997238327,7.654207091898487,0.042659192403912305,0.03402216755033986
61,596134,9,0.04487495492123534,0.2243747745149901,31.091293872512377,6.9611116654279375,0.03949244165235399,0.02989310140549522
61,596134,10,0.043336322979200766,0.21668161484819212,29.894507138448905,6.4135929191447305,0.03698937001819585,0.02670625873481089
61,596134,11,0.041980332448849494,0.20990166238237093,28.84618596209928,5.954059065203156,0.03483804505516912,0.02414049944365763
61,596134,12,0.0407772929358529,0.203886464645357,27.991518247646137,5.578878622178124,0.03302783785161151,0.02198114651081132
61,596134,13,0.03969030434538424,0.19845152158244866,27.15687914986845,5.240037333812244,0.03136964470358106,0.020088327019728597
61,596134,14,0.03869504526262464,0.1934752262519572,26.471494797322205,4.955026286874414,0.02995672898406748,0.018528102564912646
61,596134,15,0.03777167171225305,0.18885835852988236,25.774508186026356,4.6885022132836,0.028607225340243504,0.01705833580167379
61,596134,16,0.03690095569136927,0.1845047784030917,25.190146571035296,4.4567537684081975,0.027399745410495283,0.015799961066236143
61,596134,17,0.036064144250505796,0.18032072143905784,24.67901703699677,4.25123305686278,0.026322426034741535,0.014703323937281092
61,596134,18,0.0352416290065171,0.1762081448751899,24.094209957044093,4.040553923366965,0.02521786344079452,0.013579723686958575
61,596134,19,0.03441147232825316,0.17205736173329603,23.536236724676517,3.8368104206123803,0.024096592740435255,0.012420960982624891
61,596134,20,0.03352771855447829,0.16763859276008386,23.03707441654779,3.643789144752574,0.023045180802938343,0.011424698357102104
61,596134,21,0.03250444055660684,0.16252220282310018,22.657752078192697,3.4580686851553195,0.02198790278169109,0.010364840553700901
61,596134,22,0.03104043525176156,0.15520217627354002,22.370404405930174,3.2397578271990937,0.020754798258739406,0.009267577764924515
63,596134,1,0.08285623475673368,0.4142811736407019,64.95137689207499,28.986800528838607,0.1464812223197793,0.2537355002861467
63,596134,2,0.07080469887032244,0.3540234946747897,52.85425024432742,20.033755233337747,0.10177022981900868,0.14151775624585772
63,596134,3,0.06357134989181043,0.31785674943591186,46.569363470793284,15.745689937559321,0.08117047256515426,0.0981193713711417
63,596134,4,0.05834838862779473,0.2917419432853959,41.858951251086154,12.85619611809494,0.06788105402348367,0.07336536052383086
63,596134,5,0.05437650986079237,0.2718825493960921,38.42596589543135,10.875671692750597,0.05871010571500748,0.05786164978016512
63,596134,6,0.0512068123680321,0.25603406171866583,35.73424447782178,9.414927914444348,0.051982240565600475,0.047461306890055927
63,596134,7,0.04863980229101402,0.243199011282183,33.67466172178399,8.341210904030877,0.04698644196239897,0.0402002251518367
63,596134,8,0.0465048764477673,0.2325243823485704,31.95434418787797,7.497782814062261,0.043015313380778165,0.034750334222285635
63,596134,9,0.0446997279917014,0.22349863993742888,30.592504477237515,6.842451607833411,0.03988022095769448,0.03065103313767706
63,596134,10,0.043142182179867906,0.21571091079825438,29.346624607015478,6.28817426611596,0.0372350699331669,0.02736783737619327
63,596134,11,0.04177962740385873,0.20889813692921314,28.37083108067345,5.847721055522028,0.035131076650411014,0.02491509532478199
63,596134,12,0.040566664339684394,0.20283332174877083,27.475462419272183,5.46502059955547,0.033197541670644475,0.02261885164709152
63,596134,13,0.039472277944066714,0.1973613898679369,26.682090509276467,5.1378820828430225,0.03154747829503,0.020775444398310056
63,596134,14,0.03847302293529312,0.1923651147772383,25.98632634358807,4.853446469084394,0.030101535644257896,0.01920107616054401
63,596134,15,0.03754489207970148,0.1877244604719341,25.34188440785605,4.597304222745283,0.028708354407417314,0.017687070290430856
63,596134,16,0.03666727696681355,0.18333638480875897,24.69589698482362,4.357986978793168,0.027440854697116036,0.01637077704512715
63,596134,17,0.03582638744793451,0.17913193697188062,23.99763824509415,4.122919922398851,0.026170142208743627,0.015085447602486098
63,596134,18,0.035001329910254,0.17500664953096673,23.298638726270056,3.8962144512430403,0.024914036034952704,0.013842143224056603
63,596134,19,0.0341634798735606,0.17081739931998505,22.621451093353645,3.679812473511554,0.023729659723153447,0.012739519571123722
63,596134,20,0.033271696270076846,0.16635848121888477,21.877993123296424,3.45272372935726,0.022491473842996785,0.011623585814736503
63,596134,21,0.03224669267421305,0.1612334632261865,21.178745190296667,3.2257306090442435,0.021266862132847193,0.010540821754782975
63,596134,22,0.030836068961480497,0.1541803449166552,20.86473821954503,3.0220146789271607,0.020188613621591325,0.009564266199044585
65,596134,1,0.09667873880758932,0.4833936945391854,57.60982278241801,31.948742786996196,0.2027776059704915,0.36417715530539774
65,596134,2,0.07488585137495433,0.3744292569323757,37.87265082070894,16.148829702423356,0.10295581581636618,0.13204201903670956
65,596134,3,0.06356697326113,0.3178348661221145,31.16041287033188,10.904514530855703,0.07289767312104202,0.07667080720796145
65,596134,4,0.05689101053740797,0.2844550522622397,27.510436557047935,8.374027239754493,0.05853811208478347,0.05414769157708854
65,596134,5,0.052433197616494676,0.2621659878592937,25.15681647169034,6.886528100871326,0.050095014276138786,0.042270561098854985
65,596134,6,0.049215586833817083,0.24607793432393768,23.49423013206446,5.920818460565675,0.0445907656090187,0.03512817015705961
65,596134,7,0.04674841739137848,0.23374208693624543,22.235062108706973,5.237285766402188,0.040632627387741024,0.030351035805842207
65,596134,8,0.04477563109801733,0.22387815553108062,21.28121245624234,4.736174771396749,0.03769403962364814,0.027003214162759564
65,596134,9,0.04314128287523398,0.21570641431173562,20.487604944482964,4.342369636668315,0.03539261037546509,0.024471905386064936
65,596134,10,0.04175153484598914,0.20875767409100987,19.841553766892535,4.029834612165605,0.03345348533961548,0.022344322353075034
65,596134,11,0.04054412494282046,0.20272062478563554,19.33714977705669,3.781287860933722,0.031945044993959115,0.020805263462090395
65,596134,12,0.03947912447196691,0.19739562230244298,18.8641178925598,3.56376128007922,0.030512596337175693,0.01930277618680061
65,596134,13,0.03851950590769484,0.19259752944791875,18.520816047769447,3.390965598773227,0.029487225089093825,0.018405434055462026
65,596134,14,0.03764483781065603,0.18822418904173183,18.180739697330928,3.232288746439877,0.028383694498151396,0.01724681526776748
65,596134,15,0.03683555238166863,0.18417776186839274,17.860780802779626,3.089181656418497,0.027436972346606633,0.016371558323614924
65,596134,16,0.03607735935136217,0.18038679668147817,17.614931891168133,2.967369202744354,0.026598302490506983,0.01561656110728237
65,596134,17,0.035353397073296405,0.1767669852560795,17.33243701767188,2.8477169624367535,0.02577358900436433,0.014920517112717873
65,596134,18,0.03464850245642066,0.17324251218251793,17.127419643615475,2.744188830091036,0.025040035665600615,0.014236289079431662
65,596134,19,0.03394511793235496,0.16972558963917186,16.92892484958082,2.6449168277133475,0.024401309615518202,0.013766705003151329
65,596134,20,0.03321090208282507,0.16605451031877685,16.845865120100814,2.5627331930664683,0.023893420436537194,0.013427106801567567
65,596134,21,0.03238556077100266,0.1619278039209411,16.966897620504863,2.5052173028462836,0.02359267603721906,0.013398933946127125
65,596134,22,0.0312677901260731,0.156338950763924,17.915578251919186,2.5388333106050394,0.02390738390272215,0.013889680085733616
67,596134,1,0.08673102464006906,0.43365512308896165,49.87479679380141,25.37471674848093,0.16162138760642344,0.278778504599469
67,596134,2,0.07200286852050111,0.36001434240168506,37.730319417655174,15.527385489242693,0.10355774092916299,0.14023929276863986
67,596134,3,0.06315134733353236,0.3157567364042443,31.787791603057883,11.11928076796664,0.07794641031324698,0.08929035271660808
67,596134,4,0.05720069650166488,0.2860034825606042,28.0750932951979,8.639972859281226,0.06344323119308663,0.06431347871988086
67,596134,5,0.05296690867242547,0.26483454318972766,25.509702086657438,7.087102808070685,0.05430301955493306,0.05033032918148369
67,596134,6,0.04983281815319883,0.24916409058680797,23.617008155323433,6.0475485560362525,0.0480538483313605,0.041515635432914075
67,596134,7,0.0473993294703134,0.23699664725715588,22.275834049409745,5.334674757934928,0.043743545696956564,0.03589092558399403
67,596134,8,0.045452686164228435,0.22726343085526218,21.194896259920796,4.799165358095606,0.04038522134473333,0.03167972728246742
67,596134,9,0.04383242651198649,0.21916213252438144,20.35332465969177,4.390788395161564,0.037855436684627874,0.028687095398791832
67,596134,10,0.042459558169419515,0.21229779100537433,19.577224685825414,4.047901721013127,0.03570236903408155,0.02622905208049648
67,596134,11,0.04126323368562624,0.20631616849052828,19.0021387599476,3.78194842685867,0.033867502396962325,0.024089322600264997
67,596134,12,0.040209894844915724,0.2010494741723988,18.51277707483947,3.5610765171005254,0.03241479792906263,0.02251427270978669
67,596134,13,0.03926082699103655,0.1963041349779794,18.029835911033917,3.3609601187414118,0.031087520102432528,0.021131480032368023
67,596134,14,0.03839752293824017,0.19198761469425663,17.687915533373012,3.202172306979553,0.029959669015823726,0.019928640043091857
67,596134,15,0.03759899716862225,0.1879949860409447,17.33038702995588,3.052934612773515,0.02891338142667315,0.018856382898458743
67,596134,16,0.03684833128419743,0.18424165656403488,17.0315935460895,2.9220179861983264,0.02794175803517905,0.01787212572749396
67,596134,17,0.03612621636106435,0.18063108182862456,16.683613729656823,2.7903972569061346,0.026935785769626224,0.016817634156102965
67,596134,18,0.03542018724182747,0.17710093614012873,16.434124183371146,2.6794103726995067,0.02609732715862527,0.01600737460547138
67,596134,19,0.034709240099246905,0.17354620032308493,16.153458540756688,2.5656729754477485,0.02516618600025562,0.015028616984129323
67,596134,20,0.033963878472813666,0.16981939243938854,15.939124876287893,2.462734965796165,0.02431356228599877,0.014155215695600234
67,596134,21,0.03313376130781444,0.16566880663818265,15.848407743475006,2.3737662782437847,0.023620198635630897,0.013554480280848349
67,596134,22,0.03203824543581611,0.16019122724287746,16.163076363434318,2.3246258561683693,0.023070100488768817,0.013085098775678317
70,596134,1,0.0852824981239209,0.4264124906294906,59.04295447227323,28.57527929904336,0.17082989406717794,0.29293313997894527
70,596134,2,0.07059254886924925,0.3529627441530746,45.53317157347135,17.93443141585589,0.10939424492204622,0.15012711624335182
70,596134,3,0.06215897736292726,0.31079488693709956,38.487432776687996,13.006295656370774,0.08170253955837237,0.09618104007075906
70,596134,4,0.056635862385928507,0.2831793117097936,34.14747336063679,10.261224439367446,0.0660568924922347,0.06922447519447357
70,596134,5,0.052750585549016356,0.26375292767126135,31.113153938513367,8.53500667130156,0.05598830482760377,0.05332718824608745
70,596134,6,0.04982972109130847,0.24914860511664227,28.90946733758697,7.370483759501364,0.04914209660412158,0.043163305073354294
70,596134,7,0.047540011760088055,0.23770005863675805,27.292058648448066,6.548147151015507,0.04417494409719385,0.03632057306555202
70,596134,8,0.04567785123978328,0.22838925643963728,26.02705543753253,5.93198711476301,0.04038837543026321,0.031297374688514366
70,596134,9,0.04410893542011459,0.2205446771286126,24.979882681195846,5.443245765835856,0.037361276479986875,0.027514540410913915
70,596134,10,0.0427626849392703,0.2138134245945165,24.04462899652202,5.036227832008846,0.03489387125430394,0.024477357602830926
70,596134,11,0.04158450551657995,0.2079225276250498,23.341268633004265,4.716774030606299,0.03284319846827404,0.022069843965634918
70,596134,12,0.040537591581132314,0.20268795806894382,22.682060184840772,4.4380788787237915,0.031123687693539882,0.02011836955373292
70,596134,13,0.03959072382299733,0.19795361913523993,22.120442240049584,4.201245407875081,0.029622967405742703,0.01841760076144971
70,596134,14,0.038720289682502365,0.19360144840819996,21.63858769359406,3.99571782589775,0.028288748689185586,0.016986962935642034
70,596134,15,0.03791010499792383,0.18955052483617918,21.11769218030357,3.7980479793956574,0.02696623129748613,0.015575050720080549
70,596134,16,0.03714468851485803,0.18572344248457834,20.694817375905533,3.628290672501529,0.02586667741058274,0.014416507148370958
70,596134,17,0.03641001512752259,0.18205007566034087,20.34516892396868,3.4794188374659614,0.024879329610243674,0.013421336449189981
70,596134,18,0.0356929531012906,0.17846476558404786,20.035361707569287,3.34333603992014,0.023964918303254687,0.012541889259405647
70,596134,19,0.034977203208559064,0.17488601618944252,19.740049277037524,3.2134407350004803,0.023079895784379554,0.011720731851168169
70,596134,20,0.03424108686317726,0.17120543450073417,19.342067613282715,3.066981255151449,0.022072887160597028,0.010785164313412964
70,596134,21,0.03343638256348809,0.16718191289228573,19.03715183609696,2.930616297945254,0.021128843214445085,0.009974002584454841
70,596134,22,0.03241477823320572,0.1620738909852114,18.885895315936626,2.8013222923625603,0.02023017521947363,0.009400874011950515
72,596134,1,0.08765291546036134,0.438264577275898,97.54306531163063,48.08634483283957,0.1905510025699363,0.335942343156597
72,596134,2,0.07208880326521803,0.3604440162110821,71.46124873425173,28.58733852294363,0.11592919045595212,0.15804728721577915
72,596134,3,0.06301897413082509,0.3150948704758516,58.98247621432059,20.177097124447847,0.08409853936579102,0.09625739679881083
72,596134,4,0.05710900168484762,0.2855450083986919,51.33894271197594,15.576988394346866,0.06643709938566136,0.06641312899002251
72,596134,5,0.052944839245915885,0.26472419595564467,46.14148458232942,12.728612216438048,0.055312663503786705,0.04950636516188912
72,596134,6,0.049856562433504496,0.24928281231687555,42.37608376547154,10.828100596249026,0.04787420740236017,0.03912055883472742
72,596134,7,0.04744326774898834,0.2372163386320645,39.60203303391648,9.499437382858272,0.04240931321878337,0.032004171133772165
72,596134,8,0.0454899714731405,0.2274498573413436,37.409973942766,8.506529961215035,0.038290775451696395,0.026952311045453422
72,596134,9,0.04386320278510598,0.21931601406210982,35.690152480092124,7.747815270050856,0.03511862219002858,0.023243350609266612
72,596134,10,0.04247604479388987,0.21238022400213202,34.31178949016838,7.151381541631496,0.03257235105037368,0.020448794827902263
72,596134,11,0.041267179042649475,0.2063358953911025,33.146883311377316,6.661067089071603,0.030491700034265174,0.018228766286113952
72,596134,12,0.04019677811662832,0.20098389056101362,32.2112205354696,6.2626131765928035,0.028816231796329153,0.01659361002339057
72,596134,13,0.03922993264739775,0.1961496634901328,31.38459440523818,5.919382825017532,0.027385040927458592,0.015195068560598967
72,596134,14,0.038345443132379024,0.19172721580238072,30.640355480656638,5.619127058856808,0.026182377518727623,0.014170038152235914
72,596134,15,0.03752377150824745,0.1876188574716287,30.058547904518164,5.365739006884983,0.025113053886888004,0.013193581252466275
72,596134,16,0.03675234119696137,0.1837617058348039,29.538141663897644,5.139662142559887,0.02417812244247638,0.012408122125562082
72,596134,17,0.03601306765272888,0.18006533828295407,29.094735246412835,4.938934281155612,0.023353914292765877,0.011743742321194102
72,596134,18,0.03529715190555942,0.17648575941641342,28.673535247118732,4.750125821276177,0.022531960507225043,0.011099631010631206
72,596134,19,0.03458503352663225,0.17292516773235297,28.28354857102882,4.571504731488051,0.021803730083323376,0.010590123269862558
72,596134,20,0.033852252343510414,0.16926126173020645,27.951068016541992,4.403927312630986,0.021082344572938727,0.010017892930020785
72,596134,21,0.03304893564116194,0.16524467832961648,27.713576988392052,4.245729497514026,0.020418738550913425,0.009558425784616888
72,596134,22,0.03194453019835,0.15972265097379643,28.083191198022213,4.140631474691493,0.02004902068143209,0.009260239301285705
74,596134,1,0.10099936168662636,0.5049968084735259,127.91466883699259,75.38951588477005,0.19768076284553493,0.3837885985948922
74,596134,2,0.0820201949641741,0.41010097477218393,88.0847157245977,42.568479861711815,0.11605817653186055,0.1622300395511524
74,596134,3,0.06657094838409777,0.33285474165966467,70.9112453263837,26.73229653589835,0.07870138429204422,0.08607961940216599
74,596134,4,0.05760150380616979,0.28800751912424144,63.453686339986625,19.803367830215393,0.0613973924092234,0.05726369592549009
74,596134,5,0.05222117817045074,0.26110589071205553,58.963267451714565,16.111645590823986,0.05163299685523218,0.0426961704290053
74,596134,6,0.048549451273252164,0.2427472563538939,55.82984790397128,13.795707324579626,0.04522409272934382,0.03390314103575252
74,596134,7,0.04590868372418085,0.2295434186387954,53.65984871527805,12.284510362973045,0.04083618839764897,0.028204478588158242
74,596134,8,0.04387466031771605,0.2193733016270871,51.97963281596743,11.190855292836334,0.03756445981840784,0.024240552110439323
74,596134,9,0.0422268045100763,0.211134022582808,50.664670344193105,10.360831976931644,0.03496759396499446,0.02118297563732191
74,596134,10,0.04083776039664072,0.20418880190110317,49.61776151634282,9.704445814235024,0.03295514580864984,0.019049694302061534
74,596134,11,0.03963643305740835,0.1981821654086426,48.66731348534171,9.1475930971042,0.03117478269937225,0.017140087090383612
74,596134,12,0.038577716360185754,0.19288858175944112,47.827681762878946,8.675417400236672,0.02964144077039668,0.015572397996813843
74,596134,13,0.037626471205270365,0.18813235613676063,47.1075424387278,8.269721358562828,0.02838074182944668,0.01436527007448993
74,596134,14,0.03675682880058493,0.18378414414980307,46.42600879211033,7.905751685305845,0.02721082282423675,0.013271148256808843
74,596134,15,0.035951093840044024,0.1797554692928815,45.73192982717737,7.568126446852443,0.026151877665711514,0.012326550902430075
74,596134,16,0.03519045101478377,0.17595225502006426,45.200561712784285,7.2778402493755285,0.025233763892169962,0.011544657677071258
74,596134,17,0.03446439694563388,0.17232198480646416,44.71493213818641,7.0114246945869985,0.024397257248663456,0.010852867015502869
74,596134,18,0.03375537232719452,0.16877686153227534,44.2868649082653,6.766350186389358,0.023641829561616697,0.01028257302440359
74,596134,19,0.03304200638726322,0.16521003175099333,43.864332552032636,6.525541388558198,0.022881914083367687,0.009710841953558567
74,596134,20,0.03229426720049702,0.16147133592724616,43.39418019010259,6.275501935077853,0.022102342819660975,0.009175578410630098
74,596134,21,0.03147039879565932,0.15735199385325246,43.07258506182167,6.037717925507254,0.021390472509689142,0.00872906445879744
74,596134,22,0.03042401671217635,0.15212008353456064,43.189780318420716,5.816263653015878,0.02077456035954625,0.00838423281144599
76,596134,1,0.0915556509007965,0.4577782544283936,130.82741334741903,68.46906129172449,0.16620264944662302,0.3133148343486848
76,596134,2,0.07834009645767945,0.39170048241752203,95.99356176661792,43.243693169367894,0.10647559892705964,0.15464599080599972
76,596134,3,0.06689373771361745,0.33446868849501676,78.695314809263,29.658967559266603,0.07616307524965532,0.08731515321280212
76,596134,4,0.05896512925873411,0.2948256460332588,69.62095252936926,22.410148688030766,0.06064876658536881,0.058924716432555216
76,596134,5,0.05338625348071931,0.26693126717684235,64.35789677892977,18.16756213825608,0.051624525550883246,0.044816489393000494
76,596134,6,0.049541470601731245,0.2477073528366065,60.91988696509946,15.52265238406844,0.0458638899193602,0.03669881546473676
76,596134,7,0.046750160639172034,0.23375080329496437,58.401287735598956,13.736459199085651,0.041873708184724544,0.03143448508775637
76,596134,8,0.04460556322566578,0.22302781601455188,56.80589088204366,12.522095559602636,0.03905127061259056,0.027937330531146314
76,596134,9,0.04288106179440846,0.21440530896285614,55.541324185099285,11.597842328774007,0.03682864255056693,0.025275377781592737
76,596134,10,0.04145181159925689,0.20725905796717625,54.43665419564996,10.85370527394889,0.035014315405080564,0.023203850252525395
76,596134,11,0.04022569945242264,0.2011284971765945,53.54597408393882,10.250584056432821,0.033478603175882166,0.02147257693433993
76,596134,12,0.039153673316782,0.19576836659398353,52.860021121301244,9.759325948615015,0.03224979866469034,0.020162712891654
76,596134,13,0.038194934752654466,0.19097467387508088,52.24732787863935,9.33449235999315,0.031129276086104805,0.018976458227679682
76,596134,14,0.03732114701709461,0.1866057351007458,51.60131921295202,8.943064711349042,0.03011849162113587,0.01794473408734145
76,596134,15,0.03650930991488063,0.18254654924808233,51.08569596530302,8.602892111889977,0.029195602320339936,0.01703961836240902
76,596134,16,0.03574506667254201,0.17872533361567913,50.60926337374819,8.293733657073705,0.028355830949911724,0.016229361328845206
76,596134,17,0.03500884986917256,0.17504424921708797,50.18675719856384,8.007848871545846,0.027569389503645035,0.015469633943962792
76,596134,18,0.03428374142576507,0.1714187071211827,49.733788454611854,7.731064532630006,0.026861944061527535,0.014863078347003325
76,596134,19,0.033553865760537906,0.16776932860389374,49.34304296530032,7.466920022149275,0.026133039640929657,0.014187332229782306
76,596134,20,0.03279405501518611,0.16397027487321658,49.04997754917604,7.215150397614755,0.025480247561476054,0.013649395929205338
76,596134,21,0.03195637271242331,0.1597818635933807,48.870136583109414,6.963229923691794,0.024878273734228563,0.013164777599725347
76,596134,22,0.03088234855132548,0.1544117426799824,49.44067232238458,6.7673679980011965,0.024803060145311855,0.013267740421370213
79,596134,1,0.08912407710272441,0.4456203851005827,171.57709869993067,83.94041118051726,0.1605575828899588,0.307711494276326
79,596134,2,0.07492924531376768,0.37464622642449713,131.0808946399635,54.48959023564103,0.10329893819777355,0.14927903512966825
79,596134,3,0.06550891283355088,0.32754456473744575,111.92042707553995,40.11599502014913,0.07759737402172379,0.09192809362165172
79,596134,4,0.05894251432467195,0.2947125713727528,101.31488304191664,32.07905176153318,0.06364571540809284,0.06534477134366437
79,596134,5,0.0541125713207431,0.2705628566323613,94.02943505017248,26.76893120544232,0.05455460653394457,0.04991166689975343
79,596134,6,0.050472274541115664,0.2523613728154747,88.97905936175064,23.1730135468272,0.04839307086412874,0.040286205150243885
79,596134,7,0.04763298467214308,0.23816492321724272,85.30446774373323,20.601742551741207,0.04396604995712279,0.0339968964683492
79,596134,8,0.04538052888525682,0.22690264410553748,82.3137933869286,18.650637958897146,0.04054419088245345,0.029459001121679883
79,596134,9,0.043549398549718635,0.21774699268868322,80.04523004446591,17.185921787336174,0.037874273088494316,0.026100920186870883
79,596134,10,0.04201484980892834,0.21007424914579562,78.22556940014994,16.027943736586693,0.035760719788869945,0.023592006353150313
79,596134,11,0.040704435019327995,0.20352217503423664,76.70673108664889,15.083531770035972,0.03399659368861267,0.02152373834780998
79,596134,12,0.039557901718674,0.1977895087275128,75.3349785250874,14.27771669837145,0.03246075280511677,0.019821842306374564
79,596134,13,0.038533445265103904,0.19266722636578235,74.1159196400314,13.581349240847862,0.03109476848790455,0.018358298510803037
79,596134,14,0.037610426105495205,0.18805213056273334,73.14190554059158,12.994753939187126,0.029921511429239038,0.017149997196690938
79,596134,15,0.036756179301957424,0.1837808965131429,72.1879457455852,12.456633005008927,0.02884325727166255,0.01606913531780506
79,596134,16,0.0359542416815442,0.17977120838456817,71.38434490036653,11.979938515424552,0.027878179664850553,0.015117047904949691
79,596134,17,0.03518675820979485,0.1759337909597686,70.55418983195901,11.524425934296072,0.026939247091353268,0.014184789011217358
79,596134,18,0.03443850249223222,0.17219251263686033,69.91747789155256,11.116406379031528,0.026090583042494488,0.013404588284005453
79,596134,19,0.03369002916389033,0.16845014578891865,69.44133742618541,10.747414840690842,0.02524100853670086,0.012617799773147203
79,596134,20,0.0329126917266919,0.16456345882776222,68.87442440104896,10.361155061905917,0.024401694393212922,0.011881304393983804
79,596134,21,0.03206033580910511,0.1603016788566033,68.3588752473902,9.963055881487556,0.02351983773984983,0.01112983750202113
79,596134,22,0.030927696246986058,0.15463848116150358,70.81870698176563,9.857853254319728,0.02342004408167632,0.011126054831721919
81,596134,1,0.07789794830601107,0.3894897417032549,270.3940213284087,112.90984743043077,0.16666870369913378,0.3237926569425575
81,596134,2,0.07106971713025474,0.3553485858254107,207.6848976237338,79.6144584349885,0.11484355831132183,0.17624673461615867
81,596134,3,0.06431424671886884,0.3215712334196449,167.53416731877763,57.98461405006064,0.08287203812368218,0.10002427703208958
81,596134,4,0.0588706884555951,0.2943534418785217,145.3477585358906,45.52135703057991,0.06545888702119151,0.06564662983794407
81,596134,5,0.05459027210890784,0.2729513606279832,132.13049383545987,37.850215427140434,0.05501401520888162,0.04794355434042859
81,596134,6,0.05118573647376551,0.255928682183686,122.80456657833038,32.50479618521553,0.04787974600648374,0.03717350366280498
81,596134,7,0.04845227551488357,0.24226137767293462,115.78934144215947,28.617929218485838,0.04274978504404516,0.030226314314295937
81,596134,8,0.04622835635356981,0.2311417817532637,110.5759184680969,25.765679112608392,0.03896654645186865,0.025486788887404504
81,596134,9,0.044392509143966453,0.22196254553809022,106.24328175014506,23.525506125961662,0.03600699202024942,0.022053461515928092
81,596134,10,0.04284681124539443,0.21423405621847968,102.98293250543436,21.812915650245046,0.03375602428134259,0.019631904442390633
81,596134,11,0.041520209323450595,0.20760104694819811,100.25552429409866,20.418956383206844,0.031854636242766694,0.017633262558913013
81,596134,12,0.04036627186482449,0.2018313593128491,98.11186354933884,19.296342295092714,0.03034569601072373,0.016158051331606884
81,596134,13,0.039341626746910725,0.19670813365700252,96.28572985070377,18.342127289903342,0.02904144505136168,0.01492801315258509
81,596134,14,0.03842027796958617,0.19210139008270888,94.848056348531,17.54685191967463,0.02795431811202266,0.013923590962371614
81,596134,15,0.03758022808513091,0.18790114055664783,93.54883681419726,16.84380942113453,0.027008223486601653,0.013111994787055797
81,596134,16,0.036801225015506894,0.18400612488380666,92.64066567215053,16.253572647748666,0.02617770940466425,0.012399265461738262
81,596134,17,0.03607028681770333,0.18035143409935256,91.79507526742205,15.713320347555186,0.02542046116254197,0.011793747615646123
81,596134,18,0.03537246049685888,0.17686230238330927,90.91079902298097,15.192133092032913,0.02468876216083847,0.011192636582874378
81,596134,19,0.03469881291787154,0.1734940645563438,90.41528170148078,14.75922418880054,0.024084180749080246,0.010710438323250391
81,596134,20,0.034030287120116985,0.1701514355551416,89.83152399468467,14.320266240574767,0.023491326364273094,0.010274392640391596
81,596134,21,0.03334604326565472,0.16673021638226568,89.70684500000274,13.951739236779195,0.023017301425976848,0.009926633695267525
81,596134,22,0.03260370896503651,0.16301854490008405,90.35652970129307,13.670474050669458,0.022699643906504335,0.009716414888336244
83,596134,1,0.08458995428219211,0.42294977179250454,299.5229494604649,132.82818693222367,0.16876867036138746,0.3231571129957801
83,596134,2,0.07381638006764558,0.3690819002443292,236.2948473564611,92.45816980102578,0.1145516217023299,0.17192128534553078
83,596134,3,0.06555603566085916,0.32778017829952144,195.9232694616611,68.02476481836567,0.08403402267735922,0.10242923824453039
83,596134,4,0.059307864714126385,0.29653932358191154,170.9056523051576,53.137589629247636,0.06633139393864168,0.06813793745689552
83,596134,5,0.05461097230225424,0.27305486161160025,155.42801822930832,43.949804213923805,0.055441686979948356,0.04951463718606466
83,596134,6,0.05101394260354285,0.25506971313118504,144.79016122928152,37.801085411554226,0.048204812879454266,0.03842976612279691
83,596134,7,0.04818285485666828,0.24091427433682105,137.25256588807707,33.49036634903856,0.0430502240333432,0.0312250240778956
83,596134,8,0.0459033154554042,0.22951657730152367,131.00208058323147,30.17181266223189,0.039112814856849,0.026082092526751862
83,596134,9,0.04401564272723163,0.22007821356547477,126.17060380573156,27.637839898193253,0.03610282187787758,0.0225236075996647
83,596134,10,0.042419132774893016,0.21209566382344133,122.4354043837383,25.66443903641601,0.03374716570552618,0.019840154001030657
83,596134,11,0.04104289209845117,0.20521446032503665,119.24926136011995,24.03617124836622,0.03178587178016445,0.017714657443810324
83,596134,12,0.039838091862052984,0.1991904593058468,116.80093065010128,22.72513730243004,0.030218931706153716,0.016136900947176562
83,596134,13,0.03876290729629876,0.19381453639336926,114.5642369021814,21.581705655797975,0.028848512656661135,0.014769537515434656
83,596134,14,0.03778889677694268,0.18894448380346282,112.74000998744471,20.608676454868103,0.027666220864675007,0.0136661239817018
83,596134,15,0.036896388209535134,0.1844819409885406,111.2397231627087,19.768808379776374,0.02664612968193366,0.01271522480909613
83,596134,16,0.03606234934531261,0.18031174679527795,109.94323723330278,19.02003153022589,0.0257449225610293,0.01194321073510796
83,596134,17,0.035271247549106155,0.17635623771873468,108.96214555155616,18.358577801630307,0.02493279993890486,0.011225967827826531
83,596134,18,0.034508659478198464,0.17254329745875113,108.11615111193727,17.752633332873426,0.024196899909230067,0.010615764340758406
83,596134,19,0.03376158988369575,0.1688079494427002,107.63555130225241,17.224446583103024,0.023548677180404844,0.010108056186470196
83,596134,20,0.03301176344685341,0.16505881729830138,107.27316556603832,16.726428278146418,0.022960042940303148,0.00968804670334192
83,596134,21,0.03223728622027352,0.1611864311674704,106.9174667495316,16.211678412092287,0.022348171038841895,0.009273357347665215
83,596134,22,0.03140183232484002,0.15700916161262055,106.709641231917,15.696717343430544,0.021757584838747773,0.00887678678870698
85,596134,1,0.09640146370551864,0.4820073185069962,386.09581255352145,186.6558861370504,0.17979608252187357,0.3226571935226676
85,596134,2,0.08473344379678706,0.42366721927196793,311.975675502328,135.48666619496387,0.1272451790699383,0.18486939067229238
85,596134,3,0.07464951341168467,0.37324756745662735,264.8330392732484,102.47916241423103,0.09504583068206628,0.11562732696188154
85,596134,4,0.06626529624703137,0.33132648105495827,234.54785000454643,80.76796956110101,0.07477998413961197,0.07816588726244914
85,596134,5,0.05943958170846674,0.2971979082303608,213.4235654239269,65.74547447829497,0.0610138888113003,0.055555333815783474
85,596134,6,0.05394056194844392,0.26970280995885026,197.92889078738295,54.95296247735107,0.05131225381658006,0.04133290529191407
85,596134,7,0.04955612298341164,0.24778061511293567,185.5605541323148,46.925013275840016,0.04415589085383602,0.03183902933497938
85,596134,8,0.04605120207887156,0.23025601040015697,176.22205302246627,41.03470002821364,0.03891192386894607,0.025385269666314738
85,596134,9,0.043201306489411416,0.21600653254615504,168.26032542238832,36.42854170399362,0.03479065104931255,0.020665064599026135
85,596134,10,0.04084803632563329,0.20424018199414393,162.1819155973714,32.9372252919514,0.03168781795258643,0.017434593660367422
85,596134,11,0.038868570016575746,0.19434285003827903,156.81895028758746,30.07692836156418,0.029118867253029344,0.014883179873681388
85,596134,12,0.03718664472480067,0.18593322367410223,152.5370571891423,27.81031489246112,0.02709184744621148,0.013027226085526408
85,596134,13,0.035714636881484615,0.1785731844497356,148.91949003013855,25.917438801999957,0.025374638709039637,0.011513945090403231
85,596134,14,0.03441257680678069,0.17206288393859873,146.06958453298424,24.36055919435971,0.023958688323926662,0.01036245895252008
85,596134,15,0.033245704622770586,0.16622852321391948,143.25150341474998,22.96650918678123,0.0226930964016874,0.009361683839737444
85,596134,16,0.03217856460512891,0.16089282315787515,141.24259025206604,21.813967687223528,0.02163003854098716,0.008553166344201169
85,596134,17,0.031192316510110694,0.15596158253339976,139.38959610388798,20.773786357996844,0.02067369645411391,0.007881244372881319
85,596134,18,0.03025893469131783,0.15129467351170606,137.77334871731634,19.83206239509235,0.01978579044269164,0.00726213308983251
85,596134,19,0.029356893918985858,0.14678446944273915,136.32794662826151,18.960797785407237,0.018984313999589997,0.006739135673263037
85,596134,20,0.028465183487810193,0.1423259174402383,134.31039938833126,18.048728348895942,0.018133255502958502,0.006172494803943399
85,596134,21,0.027543273290689136,0.13771636647326777,132.11358698755473,17.11041692271375,0.017253158198269242,0.005584275107472753
85,596134,22,0.026490171708284407,0.13245085843393783,131.79405512144555,16.32717721298522,0.01656310601839918,0.005121176198296114
87,596134,1,0.12226416767034466,0.6113208390977137,684.0856041702998,390.88510067773666,0.2022358585668186,0.2768004332384724
87,596134,2,0.10571638994106643,0.5285819492684213,503.11133691904905,262.4038830855408,0.13473030291482585,0.166453091908132
87,596134,3,0.09003575549662758,0.4501787772791304,428.79421732801933,194.5754454290504,0.10029784136996792,0.11109619046623995
87,596134,4,0.07663043516217989,0.38315217539866003,395.593832771509,154.53718518800477,0.07983475521369157,0.08149802031978574
87,596134,5,0.06584357833285649,0.32921789160586606,372.34346439894347,125.24386913593777,0.0650566462806572,0.06184915850400352
87,596134,6,0.05734551159453538,0.28672755804054195,354.3818996288293,103.59013190385917,0.05409396263979675,0.048085383417185684
87,596134,7,0.05064274801718253,0.2532137398002921,339.54794902137485,87.22417747659762,0.04576914239176917,0.038452421454006444
87,596134,8,0.045338452432957636,0.2266922621656818,327.07557310729754,74.68118936455528,0.039331568425632256,0.031247078435685787
87,596134,9,0.041066452665760866,0.2053322636430082,315.903390349598,64.80128131390326,0.03427149360359553,0.025938106938935213
87,596134,10,0.03758404646157486,0.18792023257140433,306.80156835522183,57.087692312689754,0.030292925182837507,0.022021783802825056
87,596134,11,0.03469517059461119,0.1734758531404876,298.11780677573006,50.745636166394476,0.027017853161324535,0.018892035908483283
87,596134,12,0.03227922099976403,0.16139610500728768,290.37171461240257,45.55239358494287,0.024327363272810983,0.016420439943663066
87,596134,13,0.030218850376903156,0.1510942519380392,284.49519908255536,41.40467850409675,0.022162392271975907,0.014513449112119528
87,596134,14,0.028452679583318645,0.14226339799486298,278.9565069892094,37.911381240220074,0.020340529570740097,0.012984680760952976
87,596134,15,0.02691168018658233,0.13455840078683623,273.4152810675411,34.86736445649196,0.01876172409506564,0.011729980348207677
87,596134,16,0.02555135616670744,0.12775678094492396,268.99099280219434,32.324557720254035,0.017433048473046726,0.010756851068788703
87,596134,17,0.0243232504870217,0.1216162523914274,265.13521266016136,30.105209238148053,0.016268079153589028,0.00993843308572831
87,596134,18,0.023196385592449704,0.11598192799192854,261.64892574961306,28.121394080560155,0.015242025360545494,0.009284962516151029
87,596134,19,0.022133766866726926,0.1106688343111223,259.37518758527153,26.36865185243497,0.01431225597651653,0.008695348120895308
87,596134,20,0.021097981730279606,0.10548990853510887,258.2042307050025,24.81020440952817,0.013491542620120393,0.008203645715625704
87,596134,21,0.020019123573317307,0.10009561775618088,258.731163454676,23.332922838237725,0.012710389364644442,0.007723811361067242
87,596134,22,0.018652996067222236,0.09326498035907031,265.9017381571625,21.975078445744597,0.012018299900462753,0.007411228085276832
