layer,token_count,k,selected_score_share,all_sigmoid_score_share,renormalization_multiplier,cumulative_gate_share,cumulative_contribution_norm_share,reference_routed_cosine,reference_routed_relative_l2,reference_routed_norm_ratio,renormalized_routed_cosine,renormalized_routed_relative_l2,renormalized_routed_norm_ratio,reference_total_cosine,reference_total_relative_l2,renormalized_total_cosine,renormalized_total_relative_l2
1,596134,1,0.06249387674512197,0.005105627952840041,16.890155523610186,0.062493876707140045,0.12217964326039107,0.19730851208708894,0.8506865221352945,0.18720457603752197,0.19741114851539904,3.176038506420443,2.7402949077644454,0.6973548741174493,0.43317606868177144,0.6573447907679514,2.0158380958048205
1,596134,2,0.1188016145730884,0.00964490587644491,8.770049489923021,0.11880161464565274,0.20125978033261063,0.29959612039346656,0.7773115466138004,0.2904198497651581,0.299772999807951,2.5396635475425517,2.2982185655683454,0.7457427663552889,0.3843023731458247,0.7093047625023262,1.5359126415416866
1,596134,4,0.22206539159168384,0.017781208271844578,4.6149563368777455,0.22206539162897834,0.3126084915023183,0.42644966397721096,0.680554233789052,0.4207485247641261,0.4267309090334043,1.8497512101232807,1.832245086453728,0.8009817794037779,0.3260507833842409,0.7750509531364207,1.0589133020233983
1,596134,8,0.410429657096048,0.03223283550105707,2.4585470518116574,0.41042965729711844,0.4814529916502227,0.5892445861534554,0.535061920938085,0.5916927997670335,0.5896130447361028,1.1709328508157868,1.4218145212946138,0.8670419672850522,0.24739529383927036,0.8549468259118391,0.6289703396848005
1,596134,11,0.5435832424470526,0.0423117763657366,1.847462864283498,0.5435832414123045,0.5882638686956702,0.6789976229556623,0.44059877245639917,0.6854697492957631,0.6793495830578433,0.8550737338342008,1.2521571464618355,0.8995926431033997,0.2019288895140167,0.8932669570202394,0.4431123277320143
1,596134,13,0.6298432492161833,0.04879912668951237,1.591578330376247,0.6298432488679344,0.6569251577863243,0.7318289582009373,0.3765323209076454,0.7409993191337608,0.7321592566919554,0.6842045443083659,1.1712838172812212,0.9178385345011325,0.17226170013155223,0.9140073739353736,0.3477298459267573
1,596134,15,0.7145030886574636,0.05513906020807872,1.4013854388274936,0.714503088076049,0.7247218603907128,0.7816020058454617,0.309166170296459,0.7935090087178184,0.7818880091010313,0.5303906509188708,1.1076025785319663,0.9353206689649187,0.14072872099291275,0.9332103149907145,0.26465296545832717
1,596134,17,0.797751993565011,0.061350437195732126,1.2542567153815378,0.797751993109178,0.7917013323462174,0.8283600768118681,0.2377119887179188,0.8430402862773382,0.8285890014116241,0.38647251758053514,1.0552159132402803,0.9516206391360015,0.10783135509734816,0.9506424309252371,0.1894555569951684
1,596134,19,0.8797024934037645,0.06744507587926342,1.1369622897778575,0.8797024936946217,0.8592976971225879,0.874492877860906,0.1584045915335995,0.8917188732608224,0.8746394100935363,0.24446763650306308,1.0130008818694365,0.9674141243447966,0.07164777616515842,0.967100518561915,0.11768419507947882
1,596134,21,0.9603350946561935,0.07342541197174485,1.0413227729343637,0.9603350947935733,0.9295198103631448,0.9215468131032135,0.06473720204673837,0.9412469808614721,0.9215985604578328,0.09343120674594735,0.9799853180704916,0.9828599076138365,0.029441974416212983,0.9828344705237473,0.04406937847328579
1,596134,22,1.0,0.07636239378807017,1.0,1.0000000000002,0.9695132999443731,0.948675817268163,0.0028935704779990104,0.9694958378447511,0.9486758182843137,0.002893574440424789,0.9694958468888226,0.9912549041048204,0.0023896259270899172,0.9912549042511989,0.002389626636393151
3,596134,1,0.06817054166328175,0.0039027050502069413,15.204961949675996,0.0681705416534832,0.17956700334156114,0.6427171427644177,0.7755298633356184,0.40406566633969576,0.6427171378475399,5.379213763869812,5.944225968869905,0.8705380209166972,0.49096055671770605,0.6499247854912709,3.4196555018019046
3,596134,2,0.1264810578553627,0.0072256152518324806,8.093736766153498,0.12648105774447901,0.2905498160631553,0.765435356923748,0.6511257717028547,0.5453002532683116,0.7654353502597269,3.6388008272804195,4.333023005747489,0.912613762673155,0.40903687907998526,0.7592682048305003,2.3188897408044715
3,596134,4,0.23023677497791534,0.013121400916669525,4.397491250817729,0.23023677505670376,0.44292362277260144,0.8638246028212309,0.4986078449779267,0.6990141312936927,0.8638245992603539,2.245721745822859,3.043376611942255,0.949451614349253,0.3099100438611398,0.8581338031779842,1.4319700118487275
3,596134,8,0.41466173981643545,0.02356353627440287,2.420604065072264,0.41466174005725004,0.6249241810351185,0.9324824055859855,0.34569461298586524,0.8305565184086081,0.9324824112692507,1.13708197009382,2.0042709458840435,0.975455250953624,0.21166486334303913,0.9376919550150552,0.7252082323730619
3,596134,11,0.5449931723230578,0.03092617220784332,1.8377368387853947,0.5449931721944767,0.7217271966698591,0.9564622646771836,0.2743918586006929,0.8827848731974539,0.9564622705529205,0.7291616901178968,1.620323078440031,0.9843235940348345,0.1672068272126637,0.9654838234044093,0.4634365006672543
3,596134,13,0.629929429210551,0.03571901929567177,1.588811902197364,0.629929428978485,0.7788068735676746,0.9678189546136688,0.23330448257260403,0.9102038037608092,0.9678189593685703,0.5418547411513597,1.4451748348070055,0.9885158149695517,0.14176229261101564,0.9773670551091722,0.3433054505320131
3,596134,15,0.7137408610994695,0.040445218538119804,1.4016586873740806,0.7137408613146379,0.831635157927389,0.9768482409637972,0.19481966032410442,0.9336915758249315,0.9768482446463562,0.3946972208686222,1.3082653004189988,0.9918119731995912,0.11805596097602349,0.9857965506492498,0.24902397364187204
3,596134,17,0.7966304442325796,0.04511690611127521,1.255515634124111,0.7966304441829869,0.881183387646335,0.984340180356098,0.15671346883076645,0.9542634272454636,0.9843401839216743,0.27452204806408464,1.1979056793673057,0.9945109839485058,0.09472517206101422,0.9917603496529859,0.17217317793257705
3,596134,19,0.8787056767944561,0.049740628982940065,1.1381017360723347,0.8787056772622873,0.9283409821396119,0.9907459206582307,0.11588327384566782,0.972826874324284,0.9907459246748408,0.17252027484462865,1.107117089664998,0.9967925608734627,0.06983149790264644,0.9959051316655254,0.10721953847098015
3,596134,21,0.9599285417647543,0.05431470505018309,1.0417500396602832,0.9599285417942499,0.9747036961356292,0.9966539847084792,0.062434182232997036,0.9903424351279321,0.9966539864311261,0.07645940472894228,1.0316831497517718,0.998859066587363,0.03746629793805152,0.998772681344844,0.046744360993109656
3,596134,22,1.0000000000002,0.05657077133866642,0.9999999999990001,0.9999999999996001,0.9999999999807029,0.9999966501013609,0.0025921980058526578,0.9999993342987837,0.9999966525226053,0.002592198072942803,0.9999993434946329,0.9999969473518983,0.00246099986009561,0.9999969473822938,0.002460999889191336
5,596134,1,0.08775540761073918,0.008090744632045573,12.16521932485837,0.08775540770831235,0.20803154643828728,0.6713270458420016,0.7402135793649354,0.422263977584896,0.6713270414402982,4.295389251768824,4.866742122396756,0.7702430382846329,0.6349658949322913,0.6784049567516902,3.7211213259629736
5,596134,2,0.1602395203799059,0.014707496977085392,6.545255954100491,0.1602395202242788,0.3390980734802272,0.8048855460950469,0.5926748524702868,0.5831421707572447,0.8048855383856793,2.971422687573881,3.6975090270814834,0.8628459794094546,0.5058572801590077,0.7998684965972905,2.5691929371176823
5,596134,4,0.2822083153230467,0.02572784732866231,3.6520840629589864,0.2822083153239466,0.5098862954580722,0.9015868007749807,0.41862184770629185,0.7505369207594255,0.9015867976925334,1.8518586698381176,2.6940409362574296,0.9324290290924676,0.35417003598298685,0.8939126974307319,1.5989942403410808
5,596134,8,0.47595973702952465,0.042960974417692026,2.1271153000645815,0.47595973726419016,0.6968685183727151,0.9580869712642042,0.2604462261179126,0.88216883237254,0.9580869761976795,0.9513418332493226,1.8633398665819103,0.9722709393053307,0.21783534515843964,0.9551797538432125,0.819583278352474
5,596134,11,0.5999091908955545,0.053830733774217106,1.6764097793218,0.5999091913321903,0.7827594999027339,0.9741900875768145,0.1991830685351895,0.9238739945588987,0.9741900925196884,0.6125952233306374,1.543640203565131,0.983125850877484,0.16585772174284014,0.9742111615370964,0.5266880075245438
5,596134,13,0.6775626850801395,0.06060176766627238,1.480549767762439,0.6775626856898499,0.8295506607332265,0.9812804628408852,0.1671681873459328,0.9428667409555745,0.9812804672453384,0.4537689513045912,1.3933129887743136,0.9878257585836573,0.13892075715514973,0.9824144671666241,0.3894407366982915
5,596134,15,0.752625616320097,0.06712736749285642,1.3308259136046072,0.752625616258806,0.8715496848284107,0.9867676883977822,0.13819052433802775,0.9582249958286113,0.9867676909867019,0.3275571768734706,1.27395977892274,0.9914234166070064,0.11466583796248575,0.9884376435950116,0.2804478364466362
5,596134,17,0.8256538896304875,0.07346185829133213,1.2120141078759055,0.8256538889709844,0.9106802946969683,0.991314341832814,0.10942720306963014,0.9716511599016703,0.9913143450019484,0.2238611070541773,1.1771284113379687,0.9943860914234557,0.09069135355680921,0.9929888691586511,0.1910163824068483
5,596134,19,0.8969004763840774,0.07963082045532664,1.1151962089443468,0.896900476046527,0.9476039506014294,0.995143068316711,0.07861827586228742,0.9836900051854199,0.9951430707870481,0.1355275582912309,1.096849354505503,0.9968692058506127,0.06509800769244371,0.9964070877582512,0.11504762179659703
5,596134,21,0.9662920948129007,0.08562966842702971,1.0349062096623987,0.9662920952097425,0.9828536255360002,0.9984707904673801,0.039345663082314054,0.994742315777768,0.9984707935772232,0.054072408808789725,1.0294498633861968,0.9990174103901119,0.03259610370353853,0.9989705128301145,0.04549689946961454
5,596134,22,1.0000000000003,0.08853955923163254,1.0000000000002,0.9999999999992001,0.9999999999230114,0.9999958663067912,0.002880877408872832,0.999999113053882,0.9999958680053417,0.0028808774752208987,0.9999991214410501,0.9999953228499185,0.0030509551650518586,0.9999953238921655,0.0030509552110740044
8,596134,1,0.10685767149627785,0.013960234798049215,10.286015838682085,0.10685767144632269,0.25613243864111,0.6854850119411092,0.6874665191330475,0.5064187107402272,0.6854850067398233,4.23693476911788,4.828807846699013,0.7562031552749018,0.617130025331556,0.6856142080494632,3.837097611971531
8,596134,2,0.19042062437199242,0.024702837653597723,5.629435372166947,0.19042062416609765,0.39656977080033157,0.8183616463553645,0.5325583615297065,0.6666559165580151,0.8183616390972306,2.8348612225189633,3.580542657760775,0.8596827204098738,0.4749576180394739,0.8121575514694805,2.5642295663391503
8,596134,4,0.3203449204128708,0.041012915846317964,3.2525663674558616,0.32034492030123723,0.5621200744240199,0.911696918096291,0.3680253546201639,0.8104635844238107,0.9116969167936825,1.718562670899252,2.5765962496959247,0.9328470845646123,0.3260037000367335,0.904646770512045,1.5514738727184303
8,596134,8,0.5127122109184201,0.06436912655396347,1.9810338177145672,0.512712210810236,0.7277191961040821,0.962136235731453,0.23260831764150838,0.9089659936584239,0.9621362412893366,0.867894293413321,1.7873300488353967,0.9716200708622862,0.2050654643341036,0.959450004091337,0.7821217240758374
8,596134,11,0.63156171129232,0.07846515040801173,1.5948697560173484,0.6315617118645359,0.8047115050856339,0.9766538747795145,0.1790178130755701,0.9409016106413147,0.9766538782792005,0.5588624933709446,1.4955790018036845,0.9825653795903555,0.1576285304656611,0.9762637315150932,0.5030489284254538
8,596134,13,0.7047608429263227,0.08707119659731545,1.4247405185848625,0.7047608431460903,0.8470784248376526,0.9830867676696498,0.1505140381812483,0.9556918333208315,0.9830867711612369,0.41443998971008034,1.3590374872078783,0.9873850400218551,0.13246279781820702,0.9835744627889456,0.37267768998095774
8,596134,15,0.7747247942812386,0.09525757373016609,1.2935300865216357,0.7747247950041325,0.8854302037122664,0.9881822970575289,0.12411770763507064,0.9679302729546075,0.988182299126825,0.29932107045383305,1.2508229098629737,0.9911846214102256,0.10921309426363247,0.9890868379068664,0.2688102846570695
8,596134,17,0.8421139843765445,0.10311277950726233,1.1886133259934437,0.8421139842119687,0.9209760193647322,0.9923787784297377,0.09780653613970026,0.9785816844782359,0.9923787809631656,0.20418667195256768,1.1626539242830847,0.9943224590066129,0.08604542305396667,0.9933436605647465,0.18303644560069268
8,596134,19,0.9072166700397866,0.11067641072959762,1.1026060503990618,0.9072166687896702,0.9543396606659665,0.9958990642746541,0.06947397445266246,0.9880454957313424,0.9958990661377805,0.12262690547699444,1.089279554762476,0.9969474495126347,0.06112471124511951,0.9966248136205705,0.10962041185660845
8,596134,21,0.9699238094437329,0.11793772958993012,1.03104042993099,0.9699238099492586,0.9856165485085572,0.9988075495391143,0.03388271463328162,0.9963958253208713,0.998807551965658,0.047602337191992916,1.027311349105312,0.9991126293624595,0.029880111137476035,0.9990799976442769,0.04236466874744612
8,596134,22,0.9999999999998,0.12140837598870015,1.0000000000002,0.999999999993301,0.9999999999450081,0.9999954809329981,0.003010597016358282,0.9999994690667878,0.9999954820264374,0.0030105970788202006,0.9999994771979935,0.9999947247346748,0.0032401474349364745,0.9999947259062026,0.00324014748725379
10,596134,1,0.11380719546662996,0.015927448291297285,9.843920747658368,0.11380719538044262,0.2696712496886595,0.699771893409258,0.6693140091332804,0.5411267432719765,0.6997718881193851,4.282895006489802,4.8979133439283915,0.8129295154111138,0.5468929404748293,0.6939476357780776,3.5557141935984786
10,596134,2,0.19816284197555376,0.027461652644287925,5.468282382444345,0.1981628419883019,0.41060238177946384,0.8287726899334303,0.5124156416271775,0.6956011972031603,0.8287726825550141,2.8456866506694865,3.6089428752288706,0.8938964036825928,0.41467069691279285,0.8132833758852523,2.3571481071281957
10,596134,4,0.3246069342997703,0.04420688669823716,3.217908343327513,0.32460693404000845,0.5648226212509259,0.9133326671871971,0.3628152942639433,0.8198363022268287,0.9133326654361543,1.7109205582265483,2.5724079395416597,0.9470576970093879,0.29118422469504085,0.8996563979477594,1.4136963945119356
10,596134,8,0.5126625477683555,0.06828951538650947,1.9807546784800532,0.5126625472769277,0.7194103769749525,0.959846867456954,0.24154848852490568,0.903915791086866,0.9598468723488355,0.861404983649464,1.7751405764450057,0.9756887891102024,0.19273550316973156,0.9558394565651049,0.7101729568891836
10,596134,11,0.6307883286433782,0.08311517495892402,1.5964821938924991,0.630788328978229,0.7947280096776466,0.9744944690808345,0.19048412931113523,0.9338947652348856,0.9744944738592326,0.555449215190055,1.4850328034607716,0.9845722797260176,0.1516913150443641,0.9745293371772192,0.4570781283284473
10,596134,13,0.7039895335194459,0.09222526370125184,1.4261179124872214,0.7039895334685533,0.8376660901903352,0.9812692929354137,0.1618695795013518,0.9490350176663291,0.9812692956173197,0.41309310158592966,1.350357573672773,0.9886765110589772,0.1288035371380421,0.9826883559481681,0.33935572194372754
10,596134,15,0.7740620267782268,0.10090288755484704,1.2945531538526205,0.7740620267389325,0.8772929446738676,0.9867908418295142,0.13453824777457782,0.9622275002625617,0.9867908446727964,0.2997461216478881,1.2441602994844485,0.9920136785209406,0.10700458186309589,0.988760483401223,0.2456947184799094
10,596134,17,0.8415829470648095,0.10923036022646464,1.1893307852592758,0.8415829477431099,0.914401227991923,0.9913332104525345,0.1071501058474573,0.9740242025703801,0.9913332129712645,0.20627534386671265,1.157808385901753,0.9947629342338581,0.08518723836084628,0.9932651756451626,0.1685535267516716
10,596134,19,0.9068306183880552,0.11724807857641624,1.1030664764414657,0.906830619050358,0.9496826609995045,0.9951859097298089,0.07740104762469213,0.9849189064800048,0.9951859119555819,0.12609434699293673,1.0862403179081939,0.9971014085867489,0.06152051094645146,0.9966140696263376,0.10254138615770063
10,596134,21,0.9697378061288425,0.12494983669705201,1.0312373208024257,0.9697378065556799,0.983371553315272,0.9984759455911527,0.03971570586681683,0.9950503402461791,0.9984759473471947,0.05176421538550357,1.0261148083849378,0.9990851157590858,0.03163966734226152,0.9990365860701289,0.041766821481212926
10,596134,22,0.9999999999999,0.12864130628153092,1.0000000000033995,0.9999999999995001,0.9999999999414086,0.9999954058126324,0.0030340723298114816,0.9999994129589295,0.9999954073628047,0.0030340723974687307,0.9999994220016012,0.9999951620758344,0.0030939119304306635,0.9999951630552906,0.0030939119759640144
12,596134,1,0.1063742790991001,0.015010514950523352,10.516267291461302,0.10637427914159386,0.26176180582257863,0.6709825712784828,0.6840664481882693,0.5237953306973592,0.6709825665722241,4.439305171578626,5.013853341647874,0.8614637338851422,0.46596193132895175,0.7001154103477909,3.1460810079598964
12,596134,2,0.1852746283143263,0.025944062112116542,5.851600611701837,0.18527462834452188,0.39204946462752044,0.7993487983744261,0.5426340591728648,0.6677930668558474,0.7993487907131015,2.9545750580618444,3.675806089806123,0.9204341392126835,0.35923080601465857,0.8099031289573583,2.078991704862701
12,596134,4,0.3064241389312194,0.042100041217395155,3.413913900152378,0.3064241386976537,0.5337116943942591,0.8866272860662813,0.4081562473678754,0.7819494385686616,0.88662728532559,1.7657406542467449,2.583890081277444,0.9581069712556395,0.26205641118554934,0.8953371677208206,1.2347044441107664
12,596134,8,0.4938381938943393,0.06611817570066748,2.057177856554973,0.4938381938899899,0.6853728988888542,0.9430084872995959,0.2887190085217774,0.8677926285104052,0.9430084925566237,0.8872569013087721,1.7641707999315677,0.9796362802936553,0.18158330621443364,0.9555347148221998,0.6151244134683118
12,596134,11,0.6150794546542854,0.08130831528713443,1.6375177125887481,0.6150794547907653,0.7667410202875834,0.9634770981396608,0.22990712898320326,0.9051797464816139,0.9634771023482426,0.5750591982681873,1.4739590377169343,0.9870263993639696,0.14368348754993035,0.9754704406671328,0.39583225376487596
12,596134,13,0.690918366365095,0.0907233329165656,1.4532239655315218,0.6909183663867918,0.8148146747667714,0.9733620684815271,0.19495958503627708,0.9258352074247859,0.9733620725297325,0.4301461490161283,1.3410983944296198,0.9905528349445619,0.12153244666195806,0.9838684980024145,0.294286706265777
12,596134,15,0.7637914390285437,0.09971981912847534,1.312019547106706,0.7637914382547575,0.8596179099906658,0.9812890513069401,0.16137687591509123,0.9443936299039611,0.9812890548503197,0.31481493242132497,1.2369368731922163,0.9933674047537032,0.10041824657365915,0.9898323831687944,0.21374498992701807
12,596134,17,0.8341815285501513,0.10836913721526885,1.199906196582344,0.834181528756321,0.9019508621339285,0.9878100593206952,0.1275589896140302,0.9614688041987325,0.9878100617275417,0.21921520784526308,1.1527713521548488,0.9956905965374245,0.07924401451607882,0.9941014101624006,0.14732095240815887
12,596134,19,0.9023448411821181,0.11671083395071298,1.1085558887158595,0.9023448411550221,0.942374578318005,0.9932681383130814,0.09114685693581978,0.9774852742413656,0.993268140466565,0.13630930457284043,1.0833222315887163,0.9976290104902051,0.056530534173509984,0.9971228384363549,0.09025242009245965
12,596134,21,0.9682322611581754,0.12474335640783953,1.0328411760316667,0.9682322616876976,0.9811076126735515,0.9978859501236806,0.04548413730994828,0.9926200425414639,0.9978859524622371,0.05707801102671254,1.025192192482214,0.9992644212374099,0.028203867975650075,0.9992150391994532,0.036838959164783316
12,596134,22,0.9999999999999,0.12860336289159574,0.9999999999946008,0.9999999999927011,0.9999999999679047,0.9999955108936972,0.0029991927685205145,0.9999988541015191,0.9999955123866778,0.0029991928338421697,0.9999988621933305,0.9999958988679083,0.0028233303203879915,0.9999958998185686,0.002823330362732358
14,596134,1,0.08300206696151485,0.008905207871749754,12.447455656062662,0.08300206697256322,0.150108437405117,0.5870629767938333,0.8146926151191048,0.38187126524566767,0.587062972160114,4.079686778686993,4.570760158257842,0.6831704184573483,0.7363916356408303,0.5871881235965329,3.691112651909323
14,596134,2,0.15359455966262703,0.016468799228948568,6.6630756066590795,0.15359455963830562,0.2551332512739756,0.7234715066045478,0.7005445639138556,0.5154157869477984,0.7234714993673109,2.7249885928385384,3.3505436412188287,0.7835003841185151,0.6322113337691823,0.7210548059561842,2.4644933260517763
14,596134,4,0.2742918599686714,0.029358294071826045,3.697105746809435,0.27429185987348537,0.4080325022835798,0.8402548802947722,0.5510878269241385,0.6624518132415308,0.840254874142376,1.672735899226981,2.4178462470420508,0.8739713441607018,0.49618025823935225,0.8385721589173453,1.511974525363493
14,596134,8,0.47271079712016656,0.05036365927358956,2.127911028913328,0.47271079687510253,0.6122097693129706,0.9266708289660629,0.37563757656796537,0.8101216444325928,0.9266708337030671,0.8750199851837105,1.715379418968299,0.9422609468234414,0.33710324687622967,0.9277906318149324,0.7900867048020035
14,596134,11,0.6010989184795988,0.06383123997503064,1.668494227359727,0.6010989180625601,0.7215280927240981,0.9556514347288118,0.28949384538341233,0.872692249362955,0.9556514401680128,0.5774425565338568,1.452509566107235,0.9651778813033227,0.25933405617470867,0.9578875135679049,0.5208953312579806
14,596134,13,0.6807167288736262,0.07214007528865796,1.471561922281132,0.680716729181281,0.7828672618320679,0.9684599729629768,0.2419023242386312,0.904051570953493,0.9684599785014633,0.4367341999942567,1.328429386425797,0.9752824128193227,0.2164908652965434,0.9709352294619714,0.39364151174763434
14,596134,15,0.7567774383731369,0.0800528954675355,1.3226035933989984,0.756777438842668,0.8378640912966904,0.9782412682543944,0.19847736967304172,0.930340089264476,0.9782412725863581,0.323756017974568,1.2294965746613773,0.9829852445319104,0.1774726508445898,0.980619698141485,0.29149967742176536
14,596134,17,0.8298700551031323,0.08763775104717363,1.2055100654991968,0.8298700553891902,0.8879190341971015,0.985944849986613,0.15682106720051292,0.9528575090819847,0.9859448542160918,0.22954861844777932,1.1482513473428464,0.9890380410434544,0.14010105779667661,0.9879500597802665,0.20637821658398967
14,596134,19,0.9002750547263204,0.09492839663932752,1.1109222842908495,0.9002750544692582,0.9340916448507746,0.9921811984600225,0.11382917889853364,0.9726247882045694,0.9921812021651782,0.1476475955247961,1.0803734627771377,0.9939191918640357,0.10160506055347789,0.9935684663052148,0.13246858109713605
14,596134,21,0.9678352488190408,0.10191136349357395,1.033248560104315,0.9678352491741886,0.9780324916193383,0.9975122515024337,0.05952671751010621,0.990869822197645,0.9975122557155148,0.06736882096073084,1.0238008332915924,0.998067747623156,0.05311413613448467,0.998033980957084,0.060273016468100155
14,596134,22,0.999999999993801,0.10523071546654912,1.0000000000029996,1.0,0.999999999980203,0.9999958509876413,0.0028858710306573078,0.9999985733462587,0.9999958538924146,0.002885871100265833,0.9999985813382848,0.9999950719754691,0.0031400246257719403,0.9999950741491498,0.0031400246871285523
17,596134,1,0.08422486286654746,0.009961210012785437,12.6330843834835,0.08422486296205843,0.19407360729328663,0.5973018632637632,0.7653515903609756,0.43440987483021565,0.597301859207859,4.645195880891102,5.134629483847141,0.778498548459324,0.5924626567731509,0.6268597133962711,3.6998464471906303
17,596134,2,0.1535231412538553,0.01806625697465805,6.81298559512856,0.1535231413108719,0.3112100042281287,0.7361581329980352,0.6378091593366323,0.5794818467791908,0.736158126150841,3.1291165874850857,3.771124702234119,0.855679918984048,0.4869267509369071,0.7489219418486232,2.4858884390589178
17,596134,4,0.2695276048164848,0.03137890084343746,3.8058591244752793,0.26952760477374105,0.4578534729933669,0.8450638137139443,0.49619562667020967,0.7136909448329848,0.8450638114417781,1.890011506749577,2.647592851306206,0.9168443521036892,0.3727139654051226,0.8535228141971911,1.494240084137217
17,596134,8,0.4619827378706419,0.05295541257240549,2.184647953015517,0.4619827382847811,0.6328983919116836,0.9222072311664307,0.3527308572942398,0.8289693550206312,0.922207235765655,0.9570478356567612,1.7937688507219696,0.958962055229613,0.2611805831335381,0.9332103145531788,0.7502214775622886
17,596134,11,0.5899319058580363,0.06707951491395261,1.7023793826790565,0.5899319054713932,0.7288012813705229,0.9502180207480242,0.2807284390411497,0.8795828773511625,0.9502180253686454,0.6240955161934837,1.4905643958765964,0.9739742081933689,0.20660031803266168,0.9612628403434118,0.4860107195547445
17,596134,13,0.6705509911222058,0.07591900417123974,1.4949541867654998,0.6705509917563127,0.7851715500434027,0.9636206986912207,0.23836461789743174,0.9069192959157645,0.9636207028866045,0.46983913711285713,1.3522322289196613,0.9810801447005753,0.17489375278552713,0.9736089748972648,0.36399138290546373
17,596134,15,0.7482731273112839,0.08440643334458213,1.3381259247538204,0.7482731257370151,0.837616523301731,0.9744431996490138,0.19757258928693944,0.9311385421048001,0.9744432037967047,0.34692307633707886,1.2442386973917137,0.9867904265642118,0.14455436193720198,0.9827827300910111,0.2670905810682716
17,596134,17,0.8234690146955401,0.09258988044435783,1.2150784387385716,0.8234690150151932,0.8869752044422444,0.983370724012187,0.15648128496729563,0.9530016041518057,0.9833707279181132,0.2446359230698613,1.1572357530656134,0.9914636350169928,0.11415881379937529,0.989639478665008,0.18682938218955636
17,596134,19,0.8962695038659544,0.10048863213599396,1.1159462077235054,0.8962695040849222,0.9337035250473306,0.9908085297281912,0.11240348841290242,0.9729035956553186,0.9908085318638775,0.155183840857623,1.0854823962142188,0.9953251660014927,0.08170253852380559,0.9947393193594066,0.11715746231729648
17,596134,21,0.9664155647576111,0.10807644066404104,1.0347721467470716,0.9664155654300124,0.9783602523999162,0.9971569618801204,0.05647673699377346,0.991287113031706,0.9971569650776506,0.06732516077286387,1.0257339337435643,0.9985743336013057,0.040807410037859405,0.9985169921513934,0.04982312639331741
17,596134,22,0.9999999999997,0.11169818194361672,0.9999999999996001,1.0000000000002,0.9999999999679047,0.9999955475516126,0.0029896517973294527,0.9999994027657267,0.9999955495586177,0.002989651854279681,0.9999994107323565,0.9999955167284401,0.0029712588501537174,0.9999955183210062,0.0029712588872701407
19,596134,1,0.08339852137498975,0.009441598241651937,12.525704984470673,0.08339852134274449,0.15502159568391483,0.5751701615627782,0.811576473836683,0.4027783838942186,0.5751701576521527,4.317083129220366,4.79733743718579,0.6955322734945463,0.7092732591535994,0.5829633062019542,3.8060591767339442
19,596134,2,0.15394366045108265,0.017392337832085217,6.709963780113653,0.1539436603499475,0.2633186759216352,0.7147781751991706,0.694404127923825,0.540632515588938,0.7147781683162817,2.8835250523567995,3.5034662904281113,0.7926845346533076,0.6043357113570138,0.7180865247673452,2.5390153679565453
19,596134,4,0.2736757945893642,0.030760665692206864,3.7270237478796857,0.27367579459936275,0.4165651520453096,0.832670227921123,0.5464454799050742,0.6836222437825968,0.8326702224259301,1.758013444548398,2.497241948274314,0.8784702045005797,0.47266199849731305,0.8357046459332367,1.5449170944067132
19,596134,8,0.46968834515658037,0.052307518447874644,2.145542517628623,0.4696883452190212,0.6122874573745037,0.9193880234912376,0.38222211322740607,0.8164167192918835,0.9193880277862067,0.9087996921641668,1.7382411043453267,0.9419917927618224,0.3282542737423005,0.9245315525380287,0.7958736017873754
19,596134,11,0.5976596142130365,0.06620033847692992,1.679345082306551,0.5976596142376329,0.7179770385996818,0.9497049125741087,0.3003004691523287,0.8737920033716644,0.9497049184633436,0.5991140197712846,1.4619586271647724,0.9640346362307416,0.257029939691299,0.9552670593628537,0.5231124262247324
19,596134,13,0.67756287808049,0.07482278008570095,1.4790033735104533,0.6775628777418398,0.7785698396357846,0.963666905625063,0.2535542904983309,0.9036186931616735,0.9636669108022026,0.45388410891473624,1.3335634315540648,0.9741107808554434,0.2166460007457119,0.9689006024153681,0.39536383430871097
19,596134,15,0.754186239900961,0.08306119931596416,1.3274185702666585,0.7541862395434136,0.8338992218035078,0.9746834289689388,0.20959596462699281,0.9293580516940998,0.9746834340962857,0.3374503672878044,1.2322156203571928,0.982023840069972,0.17881180637189345,0.979201143437666,0.29310867964122367
19,596134,17,0.828002275026962,0.09097422337300687,1.2083405503926985,0.828002275013364,0.8852423186254864,0.98364079248179,0.16597642712038468,0.9521805968347702,0.9836407964229111,0.24011518102449977,1.1499476146328373,0.9884244695186292,0.1414033051669565,0.9871281335563077,0.2078175508680316
19,596134,19,0.8991992677661321,0.09858680978408547,1.1122857571576457,0.8991992674136838,0.9332806339741789,0.9910677059851329,0.11944751339379976,0.9727633755120163,0.9910677096774906,0.15440265579708914,1.081803228950223,0.9937014228383564,0.10161281449722682,0.9932811911015795,0.13299718226226248
19,596134,21,0.9675099108221842,0.10587239267980271,1.0335996809363748,0.9675099110600492,0.9783137825044999,0.9972670614347845,0.06094682985836302,0.9913658041507019,0.9972670645664246,0.06936303279666808,1.0246570798303989,0.9980778234369369,0.05173397440414974,0.9980363671688773,0.059301646977557854
19,596134,22,0.999999999993801,0.1093290373661104,0.9999999999906014,0.9999999999936009,0.9999999999999,0.9999956361338008,0.002959572295060925,0.9999990961253686,0.9999956388170067,0.0029595723571752388,0.9999991036122688,0.9999950422490356,0.0031419347361818922,0.9999950440999636,0.003141934784024865
21,596134,1,0.06598317456857852,0.006589192870778989,15.628137607432596,0.0659831744509458,0.18655892970293583,0.5234755841981271,0.7953567250199223,0.3678066620417437,0.523474387908648,5.0903584382175255,5.433124831347461,0.7723537851346282,0.5656468768887462,0.6399573683397759,3.98286429745792
21,596134,2,0.12483250760092282,0.01242171744974935,8.190815758500289,0.12483250762649407,0.2926247039313402,0.6613219364965988,0.6876289982682644,0.5005139706770239,0.6613219002874174,3.4340364661741765,3.9461849402259435,0.8432748564129311,0.47750197141114675,0.745140188965754,2.662022822508248
21,596134,4,0.23161915814126027,0.022875674040385083,4.373710027924998,0.23161915821574933,0.4238970828650468,0.7793957427811803,0.5656747768332459,0.6291127124786786,0.7793957184506541,2.0539567267140417,2.6936410096487666,0.9008833708709995,0.3825500934669231,0.8424612562754676,1.5660621074148173
21,596134,8,0.42352729700266145,0.0413655704184456,2.3727233710577424,0.4235272970724512,0.5938506070851468,0.8797621007894373,0.42236898047365073,0.7588738078544994,0.879762104052158,1.043305422388767,1.7861185805843018,0.9473665815365665,0.27831209746326774,0.9245699849632553,0.7757956460164537
21,596134,11,0.5570160956035635,0.05409088772825901,1.7994998773466435,0.5570160956769526,0.6956632545863071,0.921675017140941,0.3390344964555729,0.8254806177993912,0.9216750200173186,0.6885619771814832,1.4797111619930101,0.9662075813026461,0.22076272916082149,0.9552647644835446,0.5029268521988226
21,596134,13,0.6426099404850777,0.06221015184318889,1.5582873449325179,0.642609940543869,0.7579093638411356,0.9425900061625763,0.28690955248908784,0.8637293029238702,0.9425900088453822,0.5234000962003803,1.3429253217093875,0.9755318786836074,0.1854873151750411,0.9691926543969506,0.37746270329523834
21,596134,15,0.7259238797002466,0.07008790862851849,1.3785711773566491,0.7259238801781764,0.8170997404324732,0.9598558785420311,0.235110703675042,0.8988470638367666,0.9598558807882012,0.39007544767480373,1.2376551956297586,0.9831522790486951,0.15086167468958953,0.9797813040323656,0.2773739510474946
21,596134,17,0.8071435504862331,0.07774642937313118,1.2393605156073157,0.8071435505122293,0.8735478682473564,0.97428605338896,0.18198026066134698,0.9313451643912048,0.9742860552454873,0.2766343275465042,1.1536581239688495,0.9894059604211045,0.11581861753417313,0.987872984295353,0.19347459406373074
21,596134,19,0.8862968858154106,0.08519119722271706,1.1284197884409086,0.8862968859976837,0.9269949180142754,0.9862390229393497,0.12521293336573108,0.9611376945105697,0.9862390246408997,0.1744080336301854,1.0843832245328724,0.9944702781387127,0.07884628104485754,0.9939742470951667,0.11932852611941255
21,596134,21,0.963061430809126,0.09239255984010733,1.038368789590139,0.9630614308719168,0.9768559173065323,0.9959889187162885,0.05713837914996688,0.9879854007184964,0.9959889196753476,0.07188167322772096,1.02587600547509,0.9984482067517635,0.03550296468164052,0.9983986396445913,0.04742661551958091
21,596134,22,0.9999999999996001,0.09584874748968586,1.0,0.9999999999999,0.9999999999746038,0.9999955497153947,0.0029853782397892496,0.9999997238769592,0.9999955517470963,0.0029853782952939875,0.9999997319885677,0.9999957438262821,0.0028703620218856773,0.9999957444749868,0.0028703620533880813
23,596134,1,0.06708794152744423,0.0061270160348180095,15.298322632725299,0.06708794147185239,0.17894411040128022,0.625390258966876,0.7817214353768616,0.38199794026139067,0.6253902566620145,5.085347123477001,5.610810250121758,0.8458295599607842,0.5186276611067814,0.6480743083638,3.533115964010529
23,596134,2,0.1269559672700788,0.011570183111299386,8.028631607248846,0.12695596726425465,0.2913926872196237,0.7552607316257042,0.6599573266104174,0.5160384892904634,0.7552607241234062,3.358198893697849,4.023189542012126,0.8996967148366803,0.43041809568749556,0.7620434762020221,2.3326774734710365
23,596134,4,0.2349779806972938,0.021310227653312978,4.30475301093761,0.23497798069624398,0.43578944577664236,0.8554045198292602,0.52126186489333,0.6497182261083263,0.8554045181165119,1.9795423802842675,2.7469456024692436,0.9419919829998786,0.33284309948743845,0.8628462114239744,1.369591154413703
23,596134,8,0.4273718708412176,0.038447364552634186,2.3503763478826616,0.4273718703171946,0.6154298926785416,0.9287522426460575,0.37004387011756523,0.780237089429906,0.9287522475132426,0.9782454928865454,1.8205180524739477,0.9719944765973664,0.23168272057888223,0.9412997797796291,0.6700611909880622
23,596134,11,0.5605487433879557,0.050203259066552396,1.7878620368757807,0.5605487435306348,0.7163306505389159,0.9554359510736383,0.29036912005525867,0.8433120010402202,0.9554359555706778,0.6302742601375242,1.502273349230209,0.9826859075995018,0.18040942993119374,0.9679287375206449,0.4279433051869012
23,596134,13,0.6457833976810627,0.05769347737979718,1.5505002462441624,0.6457833980946021,0.7760340624510702,0.9680190207171001,0.24315063713172944,0.8784722879653432,0.9680190238411412,0.47094810451312713,1.3591518064093258,0.9876599300465282,0.15057792061451664,0.9791154328445487,0.3175618856210047
23,596134,15,0.7286631375585318,0.06495524578480934,1.3733374884416871,0.7286631375757293,0.8314987146119148,0.9779581091156574,0.1981462897673044,0.909984094614111,0.977958112127415,0.3450026829114937,1.2482615689613703,0.9915535104833387,0.12244682669404722,0.9870290587513367,0.23072470607272402
23,596134,17,0.8093828083636628,0.0720096550389535,1.235916452229911,0.8093828088978843,0.8838003828559722,0.9860428020484017,0.15316503204938053,0.9388763006550442,0.9860428047970979,0.24080537216067596,1.1597469811372052,0.994690144601603,0.09451770176545957,0.9926522226942761,0.15941156619029717
23,596134,19,0.8879207590294438,0.07885709929749536,1.12635474934058,0.8879207587086909,0.9333727366332765,0.992687529136573,0.1053108046409494,0.965613669356159,0.9926875315838135,0.14968171510226577,1.0874288601960445,0.9972368876427614,0.06492623483157253,0.9965838261382519,0.09777698565115238
23,596134,21,0.963786079505815,0.08545450071939052,1.0375888446171257,0.9637860794974161,0.9797107126332159,0.998058792682032,0.04733797933465519,0.989893787335941,0.9980587950247879,0.06033033255029485,1.0270826842996954,0.9992709445455122,0.029110840305350247,0.9992057780377094,0.038582245264738003
23,596134,22,1.0000000000002,0.08859446674016226,0.999999999993401,0.9999999999994,0.999999999972604,0.9999959147081815,0.0028645368188689145,0.9999989310008235,0.9999959166534959,0.0028645368705351535,0.9999989398629218,0.9999965104887684,0.002646614952227523,0.9999965111701683,0.002646614988039255
26,596134,1,0.07965772538475745,0.009396725282176919,12.909490165417628,0.07965772539794301,0.12118203445033517,0.5219361569841149,0.8601936326194508,0.34619518515387326,0.5219361530388944,3.9287538505437762,4.3475479868401905,0.6812718526136469,0.7331886473995101,0.5312157429700567,3.344849054790916
26,596134,2,0.1498214124876301,0.01766629219883304,6.824773012227767,0.14982141242383945,0.2174044273646194,0.6648674517718072,0.7580634997095808,0.4744911946807555,0.6648674454967289,2.6234371578516176,3.1737266001320146,0.7692985486440053,0.6446590817293153,0.6719348828009175,2.2314006689576136
26,596134,4,0.2723979624269511,0.03206179299498656,3.7271976521991768,0.2723979622226811,0.36799534093402303,0.8000211255095899,0.6105696037001,0.6250048689276115,0.8000211186658952,1.6189032801349823,2.3008435710901614,0.8603368596415778,0.5172899649274416,0.8066264083247632,1.374795933752743
26,596134,8,0.47552838021144195,0.055684755742629884,2.1175742364301455,0.47552838007721165,0.582357648261916,0.9077072306362773,0.4223754949142557,0.7864071857609797,0.9077072331019151,0.8578914745587217,1.6567486842939145,0.9359824422684668,0.3558524222567366,0.9147779107189397,0.7267274233356925
26,596134,11,0.6062774126838176,0.07072443749710365,1.6553359029999493,0.6062774120650085,0.7028000340350963,0.9452876480999532,0.3234967604990064,0.8598555472255377,0.9452876532669943,0.5735448674451591,1.4196953644173531,0.9624570480730753,0.2716215417919039,0.9518878037079532,0.4849407058575814
26,596134,13,0.6867168935061773,0.07991836051785729,1.4593513061345116,0.6867168932672123,0.770911546202645,0.9618441489347843,0.2680177365011664,0.8968913192668507,0.9618441550146913,0.43723706437041615,1.3068645989078547,0.9740313451595174,0.22455671647429604,0.9677662654727869,0.3691421718501358
26,596134,15,0.7629429469971911,0.08859368834040007,1.3122722102592466,0.7629429473697363,0.8315243501656521,0.9743162888523244,0.21759623095374234,0.9272752183896313,0.9743162934319517,0.32626729058351767,1.2158140754151547,0.9826582159864756,0.1819504618729902,0.9792731084097539,0.2749421931596382
26,596134,17,0.8355288032047752,0.09682394682031949,1.1975173187099402,0.8355288032101744,0.8858588234621425,0.9839433415743699,0.16976972241113428,0.9524449066318549,0.983943346229986,0.23248455837059662,1.140122692145944,0.9892349137099642,0.1417038057165433,0.9876940393501709,0.1954609364862927
26,596134,19,0.904677942961677,0.10463794731321464,1.1055775088849928,0.9046779424963454,0.9348694116081422,0.9914671918971286,0.12108638115079769,0.9735352376161083,0.9914671964771559,0.14988628362981865,1.076177649856941,0.9943219926656129,0.10088242169512976,0.993834294946899,0.12561452916788368
26,596134,21,0.9698663674397908,0.11197857946320332,1.03109276773018,0.9698663673143093,0.979259819746103,0.997440366078761,0.06175971631785744,0.9916724363851159,0.9974403704244227,0.06841316357403811,1.0224925262157873,0.9983093771472074,0.05134699912770682,0.9982640852845518,0.05706565240922379
26,596134,22,0.9999999999994,0.1153585956015977,0.9999999999942009,1.0000000000006999,0.9999999999746038,0.9999957656522761,0.0029138543193276537,0.9999987167258979,0.9999957690335795,0.0029138543973911872,0.9999987241113131,0.9999953406211082,0.0030526841534895552,0.9999953424548389,0.0030526842134389522
28,596134,1,0.08280117775412539,0.010757851382040334,12.522690957160805,0.0828011778030182,0.15849842212125953,0.5957119477290443,0.7981251630001892,0.42061344937521955,0.5957119428424622,4.51325634073152,5.026555643310047,0.7431789645507632,0.6545470540143813,0.5973495928387473,3.7442035620472844
28,596134,2,0.15404744737799797,0.020021643756809978,6.6697655177606485,0.15404744712543508,0.26461834003731494,0.727392815611756,0.6828028804279825,0.5539542110465637,0.7273928089112403,2.9409239275115278,3.581439658330291,0.8260360236463736,0.5558890204535599,0.7272087113103228,2.4339695961058068
28,596134,4,0.2765156196428057,0.03586478370423641,3.679844603894877,0.2765156195442702,0.41559549204411333,0.8388433018139276,0.5383134130292075,0.6933332133929339,0.8388432958765998,1.7554041931172903,2.505593922622647,0.8989354385518554,0.43360093123926,0.8416774578833766,1.4470915211300206
28,596134,8,0.4769297672592387,0.061469313072969774,2.1124382689576473,0.47692976766777867,0.6131381448976644,0.9224532148450076,0.3750234053865227,0.8250649353637751,0.9224532180752332,0.8940939347560903,1.730009850757527,0.9529453516864343,0.29801778613164426,0.9298287001708477,0.7322450626038713
28,596134,11,0.605809137817914,0.0777173587809609,1.656809238770171,0.6058091372000047,0.7200658398325313,0.9518148226307191,0.29381256436544706,0.8811778160874318,0.9518148285458503,0.5863966167882181,1.454602553844036,0.9712942280622794,0.23198620459863217,0.9598365990293659,0.4777180554410322
28,596134,13,0.6854036889338571,0.08768108415935918,1.4621779886319406,0.68540368945888,0.7809877618109203,0.9652779959250567,0.24780826296981415,0.9099241485181908,0.9652780010313067,0.4431826367220842,1.3276010996912229,0.979523067319416,0.1950267996945056,0.9727725494985651,0.3595837054083185
28,596134,15,0.7611157398332349,0.09711644536223255,1.3154061657916636,0.7611157396135672,0.8361647747372015,0.9758272619140684,0.20496447450442745,0.9342813627240397,0.9758272662106373,0.3288356011259126,1.227522506325908,0.9858809941667854,0.16085123763830117,0.9822600388977291,0.26552091433511577
28,596134,17,0.8335046694684274,0.10610287264508123,1.2004045626126079,0.8335046685597608,0.8868976511609136,0.9843447930358494,0.16288936067890897,0.9555240303987165,0.9843447970988526,0.2338002251218765,1.1463925346620707,0.9909425703740894,0.12749831177179496,0.9893006415667115,0.18763336942406778
28,596134,19,0.9028166386952861,0.11467770083099423,1.1078441902196376,0.9028166393099958,0.9340351343844006,0.991370206576337,0.11840103518449906,0.9744025089966944,0.9913702108090153,0.15088002853789906,1.0792901486553013,0.9950488291236453,0.09246802961360603,0.9945269359923372,0.12011725392243082
28,596134,21,0.9688080347120801,0.1228144597850745,1.0322162795080512,0.9688080348672573,0.9786517833463327,0.9973708873076792,0.06117365733589297,0.9917842531728387,0.9973708905302058,0.06856877525348516,1.023716064000609,0.9985025073428423,0.04765080091086491,0.9984524755801226,0.05396297566648735
28,596134,22,0.9999999999954007,0.12664837596879042,0.9999999999962006,0.9999999999999,0.9999999999742037,0.9999956075178043,0.002967548790645765,0.999999429123855,0.9999956104513733,0.0029675488515481475,0.9999994358454677,0.9999953549411048,0.003034294200586887,0.9999953564716799,0.00303429424764599
30,596134,1,0.07361243528275968,0.008608773639074844,13.94876116778947,0.07361243533345224,0.11470165922257444,0.4944713441420293,0.8688937025747139,0.3398059830171277,0.4944713407551268,4.203406390798586,4.594390245508629,0.6701871982093263,0.7356097715009202,0.5094498582413406,3.5631273079194097
30,596134,2,0.13901948379808654,0.01623697567615234,7.339274238564164,0.13901948380878495,0.2044800462792132,0.6356184100769545,0.7763814242035949,0.4626993290998285,0.6356184045343687,2.800907750214999,3.3204029195508262,0.7547129175605779,0.6555996730502165,0.648025038760228,2.371528879932906
30,596134,4,0.25537785502639765,0.029736237673110073,3.9672171127175986,0.25537785489631676,0.3472649878336323,0.7717530090050092,0.6415003116306675,0.6065724608064021,0.7717530024621703,1.7265426898882734,2.3729738089553467,0.8443762601145199,0.5392720991471388,0.7845616605981232,1.4593861271229158
30,596134,8,0.45499165901834054,0.05266147043653948,2.210599296586323,0.45499165898094607,0.5569387580435458,0.8870935051563542,0.4616510025976204,0.7646880242062762,0.8870935083225892,0.9176991696372997,1.6799906668547377,0.92348795943304,0.3853049117377409,0.9001267517141969,0.7731928692710905
30,596134,11,0.5873593403920899,0.0677119231027174,1.707569814105637,0.5873593412280671,0.6780328979287762,0.9300421878392082,0.3633354467533813,0.8393173952581503,0.9300421932919073,0.6178357154132935,1.4287021334584107,0.9529956838156337,0.3020336950694799,0.9415342396593173,0.5190051009872311
30,596134,13,0.6700172204382712,0.07705887808676695,1.4951432201507084,0.670017220146714,0.7484063605598793,0.949934776681862,0.30596989656975515,0.8787055981643059,0.9499347824927085,0.4750146410556603,1.3113317182265172,0.96656124676253,0.2537748076519423,0.959828208993464,0.39812209600025555
30,596134,15,0.7490802796911475,0.08596730303677026,1.3362702185219437,0.7490802785561143,0.8125772958434454,0.9655203479770772,0.2519302984954963,0.9124670679878871,0.9655203539860945,0.3588220300658605,1.218055839084113,0.9771089879719139,0.20853098834109304,0.9734939139386728,0.29996912692832284
30,596134,17,0.8249770329592094,0.09449181973878881,1.2127119359259333,0.824977032554069,0.8717090706724959,0.9780645959861826,0.19851244807413523,0.9419017572112909,0.9780646013018017,0.25980162109766963,1.141710765130012,0.9855212061679309,0.16401413213692292,0.9838748125038882,0.2165482865583822
30,596134,19,0.8978417381866366,0.10265150785411872,1.113957286763113,0.8978417385349855,0.9264347677902864,0.9882976386726958,0.1418971930004525,0.9677334781858555,0.9882976432742199,0.17035378138993204,1.0778414320824077,0.99232912231234,0.11699917006145095,0.9918008441394199,0.1414544572013964
30,596134,21,0.9672739263801364,0.11040249519613314,1.0338520740957742,0.967273925892508,0.976766395035706,0.9965964964403329,0.07169158364990483,0.9901036356071864,0.9965965012265299,0.07834771849636618,1.0236028664416055,0.9977890807674551,0.05891586371469085,0.9977381626583294,0.0646594506872592
30,596134,22,1.0000000000002,0.11404314902327696,0.9999999999982002,1.0000000000002,0.9999999999810028,0.9999956239763866,0.0029616351125103134,0.9999990486161472,0.9999956279014101,0.002961635180510481,0.9999990558592832,0.9999952511906445,0.0030756981952942543,0.999995253140558,0.0030756982403610717
32,596134,1,0.07459686383665344,0.007616969165393923,13.888555098681074,0.07459686390223132,0.1200054302588118,0.512282559385076,0.8591891810562278,0.33837807612643545,0.5122825555728361,4.1067759420095955,4.508053680374227,0.6999714500990663,0.7062907737979863,0.5320431326181525,3.3942427063780807
32,596134,2,0.13905453595063563,0.014169968831512263,7.373879398197688,0.13905453602417484,0.2095120149846001,0.6511040177871003,0.7660229489104633,0.45842936199386386,0.6511040125340719,2.7509773501752997,3.2838721269496447,0.7770845395455815,0.6277263472489026,0.6653795399745445,2.2720863973755603
32,596134,4,0.2525823714384139,0.025624644512529198,4.017021618035959,0.2525823711969494,0.3469536880319042,0.7795810962579742,0.6368897000127443,0.5941731824803972,0.7795810904092833,1.6944322462751682,2.3470406673204898,0.8563277306993902,0.5194981678872751,0.793953859920384,1.397527685412813
32,596134,8,0.448805689815506,0.045217931703785734,2.2408769894642573,0.4488056896471307,0.5480501030396188,0.8881026876288621,0.4669978568689161,0.7458107521797671,0.8881026902839722,0.9012453590548725,1.6600363674055498,0.9268068675286905,0.37863090663711696,0.9027416901010573,0.7409296760794104
32,596134,11,0.5810323606074592,0.05831152361287764,1.7259250779116433,0.5810323600725378,0.6675270840472585,0.9297669455721754,0.37094265865569986,0.8214705201570942,0.9297669511325587,0.6084153100501198,1.413041338827423,0.9542553352895772,0.29981899095938924,0.9426209883669532,0.4987275942941039
32,596134,13,0.6643679469620167,0.06652863724283414,1.507717025863633,0.6643679473587585,0.738328674738961,0.9494219188263776,0.313684318844075,0.8628367516696016,0.9494219242332834,0.46902007502199067,1.29830071380993,0.9671894271892785,0.2531153721213027,0.9604416509511211,0.3835973936019175
32,596134,15,0.744510235303173,0.07440808295917956,1.3444086066847873,0.7445102358696898,0.8038096694640302,0.9650100176592271,0.25899168931909217,0.8992126789760824,0.9650100226282973,0.35556055972907546,1.2075745975512049,0.9774027912707485,0.20870135989430616,0.9738350722772063,0.29004772540942003
32,596134,17,0.8217310052009904,0.08198027194490456,1.2174822743732552,0.8217310046724681,0.8648453046089861,0.9776465899336787,0.20446669341394283,0.9316647326080746,0.97764659414586,0.2587621961446031,1.1336942348594703,0.9856318309950388,0.1645798554305182,0.9840395720351417,0.2104493423766907
32,596134,19,0.8960225498358106,0.08924612486773636,1.1162172647989939,0.8960225492672942,0.9219603067281402,0.9880394420889517,0.14617436496784486,0.9610044271670826,0.9880394459514843,0.17097400380899375,1.0724994421495977,0.9923485119793249,0.11755394214523829,0.9918514935175191,0.13855789248587208
32,596134,21,0.9667854740866607,0.09614580671643772,1.034375253649422,0.9667854749066402,0.975241841592461,0.9965301588345507,0.07251532898736969,0.9877048244810613,0.9965301631232206,0.07898359339488065,1.0216368197154557,0.9977957572559571,0.0582009594935338,0.9977496445712707,0.06367525588553624
32,596134,22,1.0000000000002,0.09937232817622864,0.9999999999910013,0.999999999993401,0.9999999999958006,0.9999957431421825,0.0029220426898647622,0.9999990986509976,0.9999957458716816,0.0029220427751209892,0.9999991062788772,0.9999954816902868,0.003000579697670295,0.9999954829649995,0.003000579759645957
34,596134,1,0.06600245550309744,0.006295485536545242,15.702460888996532,0.06600245551915758,0.14080037840070334,0.5371029166785518,0.8297064080846637,0.34011734199298876,0.5371031754381931,4.76646740245374,5.160273007521087,0.8887719734955027,0.4189831270156903,0.6352741848800066,2.5608724044757305
34,596134,2,0.12545790630264922,0.011907304428730312,8.186251418649185,0.1254579063850371,0.23430989746371303,0.6750679958662332,0.731629479128878,0.46665211612278457,0.6750679893108461,3.1738477236847826,3.725528033653897,0.9209465109342753,0.36329222380257686,0.7363436558585986,1.6938502905222061
34,596134,4,0.23363927137087348,0.021990651464838584,4.351091088826383,0.23363927129298492,0.367723230925998,0.7939881145976728,0.6070230913136555,0.5998707291605331,0.793988113031653,1.8989172415951754,2.5701784316156764,0.9503181300770356,0.29547446693231355,0.8462788616084316,1.0021402869089064
34,596134,8,0.42726020986070856,0.0397391438722107,2.356786193364991,0.42726020973752665,0.5571127055631413,0.8930175896566861,0.4477498526778223,0.7446840022848374,0.8930175944755783,0.9739633574019231,1.743256580252225,0.974796932471303,0.21313583250608767,0.9370068593886833,0.5043847168568695
34,596134,11,0.5609193489572357,0.05182971430664126,1.78911380422341,0.560919348798359,0.6704475520701918,0.9318980603080667,0.35665452495203975,0.8178702087402976,0.9318980641974953,0.6460529112994671,1.458088109741475,0.9842224067830574,0.16791773332790194,0.9668099229999015,0.32964763137819886
34,596134,13,0.646207833304338,0.059490268345611816,1.550808694555116,0.6462078334728133,0.7386587348742907,0.9506102377262412,0.30141713287364924,0.8587986012353315,0.95061024147879,0.4931088104436303,1.328932766728723,0.9886968354951554,0.1410242906653252,0.9788727283984908,0.24883534464571355
34,596134,15,0.7289638523830442,0.0668869915484189,1.3734442309458628,0.7289638530775422,0.8023890215481795,0.9655163420169058,0.24836557193400094,0.8952572802898491,0.9655163449792706,0.37019500296236946,1.228072948636776,0.9922187525972593,0.1155163846071648,0.9871485280704922,0.1844377052614261
34,596134,17,0.8094328591868827,0.07404764803798787,1.236134763887484,0.8094328599325732,0.8625062146385224,0.977708650138661,0.19524035508794307,0.9283600800036592,0.9777086528742592,0.26652338845905155,1.1468969572796925,0.9950533029010997,0.09024368937806189,0.9928283298909903,0.13076481766512815
34,596134,19,0.8876852953059086,0.080981867453075,1.126746025468497,0.8876852955360748,0.9195384674902751,0.9878119179474847,0.13860543937839015,0.9587193138943737,0.9878119204182217,0.1735946042744361,1.0800110684624205,0.9973518704946264,0.06361020680455355,0.9966625713594007,0.0835070867348842
34,596134,21,0.9634516518942164,0.08766531516527733,1.0379575530885672,0.9634516522706611,0.9738779321997854,0.996309584952172,0.06772101179083301,0.9868738391714761,0.9963095875010975,0.0776831108101869,1.0243107506203057,0.999216272702666,0.030801763766833905,0.9991515218576071,0.036347229854300535
34,596134,22,0.9999999999992001,0.09087412039461264,1.0000000000007998,0.999999999993801,0.9999999999680047,0.9999958242308716,0.002896773054180401,0.9999990853545507,0.9999958262461756,0.0028967731050244952,0.9999990934210659,0.9999973473874377,0.0023337320634690168,0.9999973478227738,0.0023337320874451824
37,596134,1,0.06942942230478898,0.007222054685270842,14.846613672350452,0.06942942234113364,0.10387699781452613,0.4761799735193623,0.883281107286175,0.31287731843818817,0.4761799706748801,4.10396287534416,4.472159040731821,0.7925343136137198,0.5919360966406707,0.5261459628142168,2.782934226915981
37,596134,2,0.13195685784581665,0.013692707083766997,7.756866483725917,0.13195685778250094,0.18631124764025658,0.6111008108593864,0.8005321530258297,0.4267232349877318,0.6111008053996884,2.7329200709744432,3.2189338406347625,0.838134100092359,0.5338995252064614,0.6591011005755993,1.8482180656540568
37,596134,4,0.24487690182525293,0.025292881250693875,4.145539607373305,0.244876901811055,0.3202391207806984,0.7462659027150813,0.6770756541353843,0.5636292498354177,0.7462658964159066,1.6910595315228858,2.296245656031262,0.8911372427697333,0.448289726598063,0.7936625364013988,1.1382951073177623
37,596134,8,0.4428118800979923,0.04538229743530878,2.27313467355686,0.4428118801165896,0.5262142887243404,0.8683017946268629,0.5028056722852834,0.7248402963970498,0.8683017974525478,0.9140628249659664,1.635358688302543,0.9433447424962436,0.3294882973487277,0.908011578007511,0.6103137337233044
37,596134,11,0.5765651655592205,0.05881823221127836,1.7402785973694517,0.5765651651453814,0.6514710186434204,0.9167707070124911,0.40088643105504423,0.8071072290057334,0.9167707123669045,0.6247792582713261,1.3991786102023864,0.9645842290594883,0.26115636484814575,0.9481597367464506,0.41454990250582724
37,596134,13,0.6608399615727732,0.067236072124406,1.5163396561527767,0.6608399609041714,0.7264900249642344,0.9400780293099718,0.33897317238271135,0.8526291716934142,0.9400780348284612,0.48562462936342415,1.2898511667754824,0.9747493989694179,0.22006414040205774,0.9654210016352919,0.32075179856293334
37,596134,15,0.7418522848383834,0.07529614600031412,1.3495306101066409,0.7418522848898758,0.7962364317819964,0.9587422806824214,0.27906234349913217,0.892892407592566,0.9587422861940118,0.3709056815545032,1.203415236748619,0.9828257812811952,0.180557313537648,0.977976274929212,0.24373874604651402
37,596134,17,0.8198855936434466,0.0830315373972653,1.2203611722198606,0.8198855937902251,0.8614018406581327,0.9739826960056086,0.2185049150497853,0.9289284286191005,0.9739827011746494,0.27122959516804995,1.1329166286217243,0.9893472697482774,0.14082190669008715,0.9872011751649503,0.1771635910785267
37,596134,19,0.8949252193731108,0.09044286715427806,1.1176304428454809,0.8949252187771982,0.9219849201403181,0.9864898108209456,0.1533479526432365,0.9611621877918934,0.9864898150062308,0.1785925190123397,1.0739881862889102,0.9945902823323014,0.0983455565905306,0.9939145684106668,0.11577046563546091
37,596134,21,0.9663680261539755,0.09746900399149683,1.0348260894931138,0.9663680260208951,0.976681253043568,0.9963404118688588,0.07292734990618217,0.9889674710177652,0.9963404160587434,0.07997878184867106,1.023382796621386,0.9985965586059127,0.04626549664919513,0.9985296888865917,0.05113534701020662
37,596134,22,1.0000000000007998,0.10076047182737534,0.9999999999988002,1.0000000000012,0.9999999999866019,0.9999956965485266,0.002937880754273651,0.9999989996182443,0.9999957002843779,0.002937880812374492,0.9999990072535229,0.9999964151325751,0.0026718235681540735,0.9999964169707051,0.0026718236027443052
39,596134,1,0.07125675783692687,0.008425730047937308,14.3942016764185,0.07125675783746428,0.10496519385637808,0.49415126757143085,0.8801137904300458,0.3109630873105836,0.49415126417133026,3.9696425973782934,4.359054112113075,0.6723786203657635,0.7456398236730639,0.5068736027667132,3.357173386274885
39,596134,2,0.13591712950316753,0.016053517700778314,7.510060880135277,0.13591712942602888,0.19022896741698064,0.633537818089263,0.7909798491873481,0.4278939400796576,0.6335378125782725,2.6357079262159817,3.148140525300107,0.7531196266930559,0.6690074378160182,0.6461399439558886,2.2276443588336012
39,596134,4,0.252449000531039,0.02972864039431765,4.017469693124573,0.25244900040700724,0.3287215282396343,0.7684672245611819,0.6583040346261572,0.5709824123630156,0.7684672184768756,1.6264969462625167,2.2620565281449445,0.8407466375472882,0.5551487933905006,0.7826203387080845,1.3734140951648564
39,596134,8,0.45383564701027274,0.05311333224639143,2.2179307088928732,0.4538356467136163,0.5386436018733314,0.8843374203721475,0.4765112194619608,0.7375943867365733,0.8843374226230168,0.874029316811198,1.6252389703836478,0.9203798613948596,0.3999171338924512,0.898376826825879,0.7365355737811023
39,596134,11,0.5874101838686784,0.068456793647691,1.7082460354022442,0.587410183884876,0.6631805411768272,0.9281081851034715,0.3749858783418813,0.8193272959101484,0.9281081900465454,0.5936790389776936,1.3947805388477863,0.9508219395985142,0.31378170632739366,0.9401993412028747,0.4993487967580835
39,596134,13,0.6706493094536938,0.0779567221151265,1.4942146347184386,0.6706493089517676,0.7363922564904347,0.9485520446623099,0.31539298266738525,0.8631720188064838,0.9485520508651988,0.45931594991907565,1.287047568467456,0.9649810885863693,0.263455280334646,0.9587990769588133,0.385763285430261
39,596134,15,0.750107243481188,0.08698479263454617,1.3346992517255771,0.7501072435034847,0.8036792526378354,0.964666846121509,0.25904265123017145,0.9012181812148791,0.964666852194217,0.34928180915926266,1.2014454256966047,0.976079516374041,0.21602786779556915,0.9727895559830115,0.29284516553063694
39,596134,17,0.8262023585134287,0.0955962551710519,1.2110345718086877,0.8262023590212542,0.8660615738286749,0.9776919654592451,0.20325016208460486,0.9346820859049951,0.9776919711884036,0.2545911059259061,1.1313019588386148,0.9849860821252889,0.1692269210568369,0.9835001243601905,0.21301594072011262
39,596134,19,0.8990032541347401,0.1038037016814326,1.1125604150690136,0.8990032542135286,0.9239718761613371,0.9883287140003939,0.14417892984693137,0.9642285041712104,0.9883287183034619,0.1678953748156182,1.0725585276286325,0.9921981296879233,0.11983111165519292,0.9917230382054009,0.14010774119633843
39,596134,21,0.9678621557077338,0.11153310896857947,1.033228542117723,0.967862156026087,0.976772573451369,0.9967884224867433,0.0716846172909033,0.9896701307313782,0.9967884273529285,0.07734217154732372,1.022533942737785,0.9978710323319296,0.05944404405424101,0.9978239048652028,0.0642936170490946
39,596134,22,1.0,0.11512211582840824,0.9999999999984003,0.9999999999995001,0.999999999993401,0.9999959050594989,0.002867835892832942,0.9999991803527966,0.9999959089954207,0.0028678359529428626,0.9999991873783646,0.9999955047425007,0.003005598357651171,0.9999955063804601,0.0030055983960927905
41,596134,1,0.06934308318055817,0.007040232617091821,14.982107309547583,0.06934308318870698,0.12706479543846977,0.5158257302373778,0.8487258581886775,0.3591496557303354,0.5158257262250672,4.733161547050035,5.145539955672144,0.8417139888115108,0.5090863961307701,0.5685702641876469,2.8874135954785327
41,596134,2,0.13257109839749465,0.013413816283692193,7.781844624039889,0.1325710982213955,0.2227096883670794,0.6531585928554228,0.7491440050284414,0.4927970273153723,0.653158586659133,3.15489038124368,3.7018338494237057,0.8844255095590771,0.44402731236197013,0.6908770921988868,1.9198633761893906
41,596134,4,0.24579913499549552,0.024697448772186322,4.15318727092425,0.2457991347567306,0.3658647158185623,0.779661385550167,0.6160594998741146,0.6348867576607301,0.7796613809192472,1.9109342328806216,2.577523309018162,0.9272147126008234,0.3589775410341196,0.8165636980848193,1.1557732814828698
41,596134,8,0.44144603219286155,0.043818303821738125,2.2848206410746226,0.44144603189830484,0.564516546786182,0.8850851151427379,0.45217137620562264,0.7764371047283776,0.8850851196952692,0.9904522128540691,1.7576312790324389,0.9632030849928845,0.25833286281699336,0.9218009721078309,0.591419529900928
41,596134,11,0.5737800366304586,0.056558328728321484,1.7503333138065034,0.5737800370532965,0.6794485445926522,0.9259252873806948,0.362028107332964,0.8433394811657113,0.9259252921127997,0.6600072961785228,1.4691926718934807,0.9769270722918979,0.2046010040736041,0.957485827672561,0.39009054949217353
41,596134,13,0.657535428793357,0.06456033229615311,1.5247442992798828,0.6575354287520631,0.7469934688282359,0.9456032445614273,0.3083931537727377,0.8793658931995944,0.9456032503641749,0.5051921180376872,1.3370054604031179,0.9833593080051648,0.17322930203123452,0.9722801081022419,0.29623159506397867
41,596134,15,0.7383862664700098,0.07224530292376262,1.356224115799806,0.7383862662264457,0.8093000906177314,0.9615102976858249,0.2569283626106456,0.9108380295028716,0.9615103018438141,0.38058161849510425,1.2333489723414528,0.9884463303128344,0.1434934810404062,0.982682177001483,0.22110846278449917
41,596134,17,0.8166334751353874,0.07964810919698787,1.2253623013347348,0.8166334758061888,0.8675415158014227,0.9747563266094287,0.20494518789632943,0.9390072813895075,0.9747563312806425,0.27544619739241605,1.1497545250394383,0.9925663780167543,0.11383615958328401,0.9900235838039593,0.15827319494744493
41,596134,19,0.8923586813682008,0.08677985881252576,1.1208845212456549,0.8923586814450895,0.9226318253119208,0.9860447134928328,0.14823126387639118,0.964728085058326,0.9860447179431792,0.18096410150996908,1.0810670661193258,0.9959771305967252,0.08183741286488116,0.9951882058776317,0.10255650993876297
41,596134,21,0.9652099761794611,0.09360589916985017,1.0360709469967182,0.9652099756696361,0.9748000543926293,0.9957105339693492,0.07549817319853355,0.9884264660117678,0.9957105371287851,0.08341923163412324,1.0240508836737183,0.9987862009477725,0.041342790438134616,0.998713220976976,0.04637079530319138
41,596134,22,0.9999999999991002,0.09684735241688633,1.0000000000002,0.9999999999936009,0.9999999999922011,0.9999955683450582,0.002982511228933647,0.9999989770819547,0.9999955715077936,0.0029825112947021114,0.9999989852535544,0.9999966657217665,0.0025626152204261464,0.9999966664228634,0.00256261525566472
43,596134,1,0.07197368442212855,0.007938074947022712,14.398267629511187,0.07197368447462084,0.12184828233203268,0.530465301318851,0.8555469426448158,0.33657752626323384,0.5304652975982974,4.192005202071352,4.6220373051323955,0.8352919735482794,0.5400830533584579,0.5745604090871794,2.689563850695891
43,596134,2,0.13626441271732853,0.01498903046647382,7.543565133971375,0.1362644128265125,0.2135127129933057,0.6676377159993198,0.7588834831509617,0.4549984897627842,0.6676377100630917,2.7575909739575826,3.3137123034308167,0.877381581135709,0.47600283242316577,0.706716407818131,1.7641587515377357
43,596134,4,0.2511456941242442,0.02748162868402277,4.053019642416755,0.25114569424112704,0.3546769330932349,0.7941768544497979,0.6240767765082741,0.5925506059361484,0.7941768475846064,1.6750469536765344,2.349057311771626,0.9218964050419499,0.3877984105200577,0.8317015654764973,1.0670163055440816
43,596134,8,0.44979904825627887,0.04878385155237621,2.2404641693998926,0.44979904831896966,0.5591179381772927,0.8986430561021148,0.4483794715575539,0.7474742249062956,0.8986430592753486,0.8798200030803185,1.6586650265524687,0.9614818879850774,0.2752706089040846,0.929821240255622,0.5562144596184561
43,596134,11,0.5826884082311483,0.06285308789539627,1.723002426264559,0.5826884081408615,0.6782190532755348,0.9374107702323083,0.35163411373348086,0.8237530282901676,0.9374107763455104,0.589090168548494,1.4122939224911337,0.9764766060465163,0.2145226480299957,0.9620310362855201,0.37017136385210303
43,596134,13,0.666074973615783,0.07161865069200263,1.5049380040906013,0.6660749743637732,0.7476790198926093,0.9552429689870479,0.2953801431469485,0.8648596980881526,0.955242975331716,0.45133875938071294,1.2976343062122055,0.9833459162050634,0.1796061660287583,0.9752529116050057,0.28229751447268575
43,596134,15,0.746073215300507,0.07998751000283238,1.3421418308306263,0.7460732159833067,0.8111946687458815,0.9691553232165641,0.24266991745408548,0.9006309541486612,0.9691553289785176,0.33975450486089126,1.2067353029723542,0.9886522946863788,0.14714452912624884,0.9845217371267337,0.211366518947626
43,596134,17,0.8229965372175511,0.08799922721878031,1.2158505530404187,0.8229965375183068,0.8699052951851007,0.9803011131923848,0.19104098492111443,0.9324209920053216,0.980301118160455,0.24547809728777684,1.1327731865734822,0.9928429274514795,0.115566812179151,0.9910629768303904,0.15174583064799754
43,596134,19,0.896844245663912,0.09565686731288776,1.1152705365592903,0.8968442468433387,0.9246887631402315,0.9894026109702997,0.13674373080879285,0.9612672540353921,0.9894026148288328,0.1613388911837099,1.071779199044079,0.9962008779898522,0.08255751045368392,0.9956655514198591,0.09896091054116958
43,596134,21,0.9670491540976537,0.10289956505641937,1.0341007985878579,0.9670491540992534,0.9759386882724407,0.9968849409276141,0.06931813532231511,0.9877368710425966,0.9968849447924464,0.07513301466066867,1.0213894606892013,0.9988961153249372,0.04177541062305681,0.9988485127798938,0.04564117754837004
43,596134,22,0.9999999999984003,0.10627896154495806,0.9999999999984003,0.9999999999996001,0.9999999999680047,0.9999958793878697,0.002876326369808995,0.999998713505371,0.9999958822538487,0.0028763264327325644,0.9999987213266222,0.9999967355541088,0.00256790560626555,0.9999967365779585,0.002567905643833469
45,596134,1,0.07560205008645966,0.009216765559677055,13.665046926116126,0.07560205010330719,0.11099415813257354,0.5104092404263277,0.8724255137803898,0.31362182345791567,0.5104092373939731,3.748577547470426,4.149854745549619,0.7713803771525665,0.6294301922022235,0.5473961690265706,2.67268166904656
45,596134,2,0.14260996426880912,0.017372005899798697,7.194568176404424,0.14260996421554192,0.19698628731878556,0.6475698362378501,0.7833943497037295,0.42507661696594456,0.6475698304767964,2.4638355678773523,2.984738476180804,0.8283211874874545,0.5624118575171989,0.6866682717817394,1.7556202283964366
45,596134,4,0.26149335166442705,0.031756118424465365,3.8907617262545138,0.26149335141616353,0.3348448632990914,0.7791794464280827,0.65186862970321,0.5615469044965729,0.7791794397137689,1.5090026876527656,2.150183424852876,0.8910645602576435,0.46392949568910635,0.8188125576248771,1.0732580409187185
45,596134,8,0.463968177323977,0.05595772791695028,2.1722508078548253,0.4639681770333197,0.5438661393646068,0.8912333953106505,0.4689836023999919,0.7261390260500662,0.8912333968705214,0.8096847885358104,1.5658766496526917,0.9478985480635107,0.3289667752220234,0.9231753513490082,0.5727905786263572
45,596134,11,0.5971431854317794,0.0716853443204018,1.6814902839687376,0.5971431844512234,0.6684497966068844,0.9332235885659816,0.3652897605346633,0.810418873234861,0.9332235937624184,0.5505334965881261,1.357487753966151,0.9689637987103721,0.2538321739558288,0.9576746011038536,0.3873268636598717
45,596134,13,0.679723170657798,0.08137037604526053,1.4748620468106688,0.6797231711370275,0.7413585805302672,0.9525423770763876,0.30479982538441586,0.856136713519178,0.9525423828200439,0.42589029614844726,1.2597084470559707,0.9784044889027917,0.21053208128036424,0.9720536209058598,0.2982672907962796
45,596134,15,0.7581632184827602,0.09052463791860996,1.320827903942194,0.7581632191194667,0.8078160343018325,0.9675601372201144,0.2484428763719589,0.8957187730924584,0.9675601430559571,0.32357315714638313,1.1815184647949042,0.9855593336964433,0.1705802663202969,0.9823008346048172,0.22534471155616745
45,596134,17,0.8328103641445521,0.0991962139135023,1.2015703147162697,0.8328103641725481,0.8686944415421272,0.979488376291522,0.19405069384016718,0.9303270692151688,0.9794883817594188,0.23586283856030654,1.117138358399926,0.9910682553398391,0.13245091517004146,0.9896599848818848,0.16311830360751017
45,596134,19,0.9036340520904267,0.10738552658860616,1.1069100064948916,0.90363405186366,0.9246838045512902,0.9890920368957957,0.13825652642453135,0.9608022103070722,0.9890920404095797,0.15658464981818399,1.0632853004089624,0.9953497181470699,0.09382623041017632,0.9949289033182424,0.10735753940084643
45,596134,21,0.9697970299478568,0.11499355393464554,1.0311740222474426,0.9697970296414018,0.9764620895611181,0.9968847306891957,0.07029646125858774,0.9881455755305915,0.9968847351220446,0.0742603980346506,1.0189232184071235,0.9987023820265909,0.047363313199653846,0.9986650637271123,0.05032068298636559
45,596134,22,1.0000000000002,0.11844305587348922,0.999999999993401,1.0,0.999999999986502,0.9999960502469725,0.002815664740725039,0.9999988984258084,0.9999960538432442,0.0028156648200602604,0.999998905175217,0.9999963127180186,0.002713750290141032,0.999996313844653,0.0027137503507954036
48,596134,1,0.07281565737846957,0.009205883381586946,14.10233927966816,0.07281565745075895,0.17612023329029766,0.5940065840005638,0.7863468794524705,0.4184700551657892,0.5940065794472326,5.232565803941723,5.733615344421712,0.8638322474671218,0.4520570449219749,0.6451485405242477,3.0787878634885626
48,596134,2,0.13831563213305711,0.01749631137597619,7.384126981491655,0.13831563212975762,0.2860063426205199,0.7330826033354417,0.6669757420128496,0.5538861773417185,0.7330825957142612,3.3632534599948265,4.007871906099539,0.9106323997639733,0.3756693273974902,0.7629009762118082,1.971836672944076
48,596134,4,0.2549711670781967,0.03219275284221797,3.9776757609050044,0.25497116646868623,0.43163332486155487,0.8429515786955436,0.5262534292333577,0.6866595796835069,0.842951575228053,1.9422558431265147,2.697629526247966,0.9501629404767713,0.2875785691914405,0.868508165031766,1.128719715272493
48,596134,8,0.4549163872112879,0.0570987981510523,2.212079996845587,0.454916387292576,0.6167847702880805,0.9229863075308322,0.37040021383374455,0.8120088028661092,0.9229863124081158,0.9499872965294112,1.7864789738525493,0.9778304573283106,0.19479703905455412,0.9477738134923591,0.5426314786407397
48,596134,11,0.5876951337666738,0.07344777541846631,1.707095790138609,0.5876951343432891,0.7178975870336868,0.9511836385795679,0.2923699401243613,0.8677520000079566,0.9511836434490526,0.6110830926113896,1.4771347084644746,0.9867306609783767,0.1507924745584725,0.9727968631905682,0.3440599508914547
48,596134,13,0.6707078383056906,0.08360293531121281,1.4939017157551715,0.6707078391462671,0.776151663879897,0.9641747716651866,0.24811526709250217,0.8970315928639013,0.9641747766669518,0.4572620274554432,1.3377471479684964,0.9905819332431625,0.1266343601402203,0.9827420883913011,0.25446181547977176
48,596134,15,0.7501222808363766,0.09327534206393215,1.33458144517758,0.7501222798851163,0.8297124156645206,0.9745697732504335,0.2065907213918459,0.9226051652135772,0.9745697777716693,0.3366692211428294,1.2300922923752184,0.9935010789227324,0.10453876241932704,0.9894968052752589,0.1847136475887283
48,596134,17,0.826261253612928,0.10251250702628824,1.2109102990660987,0.8262612540481641,0.8800458306411433,0.983181571553569,0.16528596963585693,0.9457627224976852,0.9831815753108171,0.23811399295910146,1.1446993181949494,0.9958095933902797,0.08303710030642032,0.9940913049238419,0.12833584584953028
48,596134,19,0.8991286925143105,0.11132040012134425,1.1123944798373566,0.8991286927399773,0.9284403810252791,0.990524382581681,0.1206464669610177,0.9675279073535045,0.9905243857014228,0.15329431335728222,1.0761005950415916,0.9977029486131603,0.060191136867280066,0.9971919864829162,0.08069982770779963
48,596134,21,0.968045573711976,0.11961702911331235,1.0330324691163517,0.968045574331585,0.9758222696168785,0.996933434628657,0.06317831957728173,0.9887643508539395,0.9969334379663668,0.0704567010899541,1.021408171841352,0.9992851182580598,0.031262555835916556,0.9992412648954054,0.035869622991156494
48,596134,22,0.9999999999999,0.1234460031887411,0.9999999999986002,0.9999999999996001,0.9999999999743038,0.9999956672263337,0.002947228683071162,0.9999986529067723,0.9999956697284662,0.0029472287419679793,0.9999986609635888,0.9999967572419232,0.0025128732078189757,0.9999967581481901,0.0025128732389151894
50,596134,1,0.07643051123191502,0.012454561152536053,13.337965631715191,0.07643051122886547,0.12590008511484516,0.5243299550410012,0.8562950377053082,0.35597687500625946,0.5243299511847176,4.220294872054379,4.64508176976949,0.7228269569001546,0.6577831622704091,0.5592101334413876,3.1776322630070566
50,596134,2,0.14637244767241425,0.023941444552566075,6.939664944720563,0.1463724477137082,0.22391344654974307,0.666236361690264,0.7550940770214147,0.4881260553881218,0.666236355665949,2.7807307213947485,3.3373618747100284,0.7977735790045626,0.5780369445412161,0.696105396612169,2.0935569313365265
50,596134,4,0.2725862372366354,0.044714868596986215,3.7129742642643713,0.27258623731862336,0.3789183273276319,0.803113877371044,0.6052739459327372,0.6404431551574288,0.8031138708755982,1.666123822422765,2.3555379338489026,0.8803771052603795,0.45905773781736087,0.8278172763926959,1.2512719742059784
50,596134,8,0.4850684709746313,0.07948138896326365,2.0758797475459034,0.48506847142376536,0.6003237484195069,0.9136808609448099,0.40705391404213753,0.801483602350961,0.9136808637455985,0.8447852357924801,1.65587777067953,0.9508057306937127,0.3020825440973795,0.9315779008839384,0.6302136110574141
50,596134,11,0.619360895697013,0.1011560740301675,1.621048518295008,0.6193608950810034,0.720203087415268,0.9501263190797258,0.3058722343289451,0.8713233572727793,0.9501263248007855,0.5507441937138347,1.4086836986085622,0.973298753566947,0.223266025723634,0.9640633968671407,0.40817416457574734
50,596134,13,0.7001675963320806,0.11405456304444087,1.431868074818084,0.700167596975886,0.7862418785093799,0.9655737707361992,0.2507245439899691,0.9057068282271753,0.9655737774467135,0.41431592760230174,1.2946641037367812,0.9823545744110688,0.1810175112607144,0.9769940881572517,0.30533802974791985
50,596134,15,0.7753230931635363,0.12594861120581793,1.29166069287528,0.7753230932483238,0.8440675836344816,0.9769894166509413,0.20151327110138395,0.9336821826950723,0.9769894222506188,0.3057041907089608,1.2048345226907278,0.9887115600531903,0.14392019384992066,0.9858701953283084,0.2236920346505343
50,596134,17,0.845602339617393,0.13698547832533123,1.1834187678914234,0.8456023390697734,0.8952172238190758,0.9856737075285662,0.1555972265492788,0.9568400566201695,0.9856737125116343,0.21562086321656507,1.1318120290242752,0.9932846911002706,0.10990309490402776,0.992010922001641,0.15626543391052672
50,596134,19,0.9113687484670682,0.14724293879995723,1.0975165929873805,0.9113687486842363,0.9408055558522388,0.992428806416812,0.10962980011404584,0.9763013561026817,0.9924288109616444,0.13732792506616354,1.0713329823894824,0.9966244546243029,0.07651486553024352,0.9962252695018247,0.09813924360226856
50,596134,21,0.9722294946991583,0.15667295458279773,1.0285920098422408,0.9722294935988199,0.9815715130754127,0.9977914445021502,0.05503444932649894,0.9928051032601105,0.9977914481498144,0.06128713211630102,1.0211733359176003,0.9990698393248151,0.037859563464064785,0.9990326071512856,0.04281641526520812
50,596134,22,0.999999999993001,0.1609468148172574,0.999999999993401,0.9999999999996001,0.9999999999856021,0.9999956696468781,0.0029456167724611028,0.9999987099816886,0.9999956722460964,0.0029456168394684477,0.9999987179833132,0.9999958077175972,0.0028772091252366964,0.9999958092309749,0.0028772091744029117
52,596134,1,0.08256218764484992,0.012478500929700518,12.858246594314387,0.08256218760655554,0.15045382040848423,0.5263177417318046,0.8195625094877271,0.42305824161055794,0.5263177376995969,4.654839247463434,5.079611911341329,0.9023369535903131,0.39090830712952396,0.630690267977942,2.2669546913733023
52,596134,2,0.15275322582784406,0.023008448785863556,6.85192086503957,0.15275322584299184,0.24683200886461454,0.6615675161482225,0.7216181232304205,0.5473679932649601,0.6615675097499624,3.027930855862221,3.582411895911571,0.9290599079529254,0.3383270766450623,0.747697171429761,1.4635617028390209
52,596134,4,0.27265066842254837,0.040645683222148024,3.773106792477464,0.27265066814843864,0.38664724514852566,0.7850340305285097,0.5943125150760699,0.6741091038144011,0.7850340258446977,1.807663922654953,2.4777627954290518,0.9557518487579663,0.27170134672809293,0.8608204918220717,0.8650806534846912
52,596134,8,0.4710885437636952,0.06894795826529555,2.1477173826702063,0.4710885438015896,0.5799028690014547,0.8883198135057124,0.4368341459971088,0.8009403568008734,0.8883198177330914,0.9337052450478825,1.7023516144196889,0.9779758443465595,0.19386667847885725,0.9457811323338958,0.4394020692863867
52,596134,11,0.6005987689342125,0.08697026742681667,1.6747417122049337,0.6005987693244552,0.6907970423081787,0.9281568237301265,0.3508065215206894,0.8601938584433799,0.9281568288480748,0.6233789549961357,1.4331777010695177,0.9861419151305502,0.1536760307315682,0.9717354139469373,0.2895972010424009
52,596134,13,0.6810778519168783,0.0980335628337239,1.4733636609960055,0.6810778513412629,0.7557562570606182,0.9472018438169092,0.2997712063110947,0.8920395236604322,0.9472018493363985,0.4785620424899141,1.3102844551672017,0.9899247390482968,0.13051544100329066,0.9819259869073561,0.22022040939592177
52,596134,15,0.7578476243883385,0.10850383861279782,1.3220337242934992,0.7578476246881944,0.8154836038120249,0.9624426881863746,0.25099844872207017,0.9197795292535239,0.9624426931547447,0.3623201692151173,1.21394686770871,0.9929081819038643,0.10870253796671361,0.9888445642764268,0.16493430146455731
52,596134,17,0.8313486018205267,0.11845844202926804,1.203938563357866,0.8313486014004885,0.87108179526921,0.9750063556439903,0.20206496448735844,0.9445132378379557,0.9750063603496991,0.2646022989571369,1.1362416229849734,0.9953224865488729,0.08712535133758052,0.9935743473776542,0.11893256885454985
52,596134,19,0.9017170230656505,0.12792609714865558,1.1093315951146696,0.9017170240342082,0.923323366024485,0.9856406961060578,0.14935728881201518,0.9669576190381824,0.9856407000816738,0.17742497549850256,1.072389676579275,0.9973198262678482,0.06421108347444186,0.9967962459897622,0.07858021059233
52,596134,21,0.9685530874772447,0.13685501578082687,1.0325026435841205,0.9685530871295956,0.973972945151295,0.9952061086249276,0.07958164016533244,0.9884618580865862,0.9952061129673898,0.08581083339802863,1.0205597215839632,0.999094593238055,0.034187700401050194,0.9990491537591826,0.0373793799199722
52,596134,22,1.0,0.14102346125245624,0.9999999999984003,0.9999999999999,0.9999999999774033,0.9999953340320761,0.0030585384622495797,0.999999131679646,0.9999953369966406,0.0030585385424932617,0.999999138535739,0.9999971434382955,0.0023586033920131593,0.9999971440686029,0.0023586034170540123
54,596134,1,0.0824274152004944,0.01286871933768725,12.784754481819842,0.08242741514635235,0.1465575056325411,0.5347238771893047,0.8251063216768102,0.4136467300569378,0.5347238729448281,4.556964352609803,4.994204224953111,0.8561737863482133,0.466767804970847,0.6234674204956894,2.5636375584707762
54,596134,2,0.15341881774510754,0.023905154362613933,6.789375897188021,0.15341881767179333,0.2466806480946899,0.6748795718581644,0.7202143311452457,0.5414316399340758,0.6748795647746049,2.960983625642683,3.532553060805221,0.899038795816483,0.4001063894904692,0.7485121197284954,1.6583801447535704
54,596134,4,0.2758340934476261,0.042685708706621577,3.72407874285805,0.2758340933139957,0.39223416258845195,0.7999244901681904,0.5831576046452372,0.6740653068031695,0.7999244845656134,1.7597190290859943,2.4506036936711864,0.9402009327036018,0.3148832699708764,0.8619644667215499,0.9767743858921427
54,596134,8,0.47747507885204893,0.07282327461702388,2.119153507355733,0.4774750788915431,0.5905501567478176,0.9001204492382568,0.41763203730115406,0.806430808451495,0.9001204532865622,0.9014013537414791,1.6918738130796567,0.9723441832249563,0.21721045958547816,0.9451645662115419,0.4921923409871157
54,596134,11,0.6073788596288545,0.09177352130405957,1.6562791396501264,0.6073788601281812,0.701833797070596,0.9371478716397342,0.3305728967034034,0.866581009147007,0.9371478775685633,0.5974666020757601,1.428085007316417,0.9833359178291078,0.16870476473822546,0.9708980807943759,0.3220321767046219
54,596134,13,0.6874022271068935,0.10329746878893126,1.4599546049439784,0.6874022266558597,0.7661133656038094,0.9544230765859443,0.28015535028240496,0.8981751786055422,0.9544230820091477,0.4559323994336355,1.3073605741311,0.988217363363999,0.141503989221185,0.9812067390570461,0.24331322177414863
54,596134,15,0.7632659817625653,0.11412943056820299,1.312722478693884,0.7632659812743371,0.8246747734132986,0.9680789346121502,0.23269584753006733,0.9252913154194549,0.9680789395743213,0.3425816776370792,1.2126519730603764,0.9919372064767887,0.11644912468609674,0.9883214461538555,0.18068646989249135
54,596134,17,0.8355035093078526,0.12436614642904494,1.1979792873113604,0.8355035095487172,0.8787027120341446,0.9792042278317046,0.18569018231503293,0.9491442811725991,0.9792042328071737,0.24761629200017743,1.1361779246233172,0.9948503248440004,0.09217975221491893,0.9932694411064162,0.12874896489184753
54,596134,19,0.904334909214919,0.13405264619889004,1.1061262611877032,0.9043349088050793,0.9291381264453444,0.9885018663455413,0.13532914662475717,0.9705640428871344,0.9885018705322263,0.16323400377019812,1.0732868225590324,0.9972042245788831,0.06666035257613412,0.996719457455799,0.08333538743611073
54,596134,21,0.9694539755419334,0.1431505839399327,1.0315431558128427,0.9694539750172104,0.9768321351917466,0.9964386187416188,0.07079379118966429,0.9903691983450288,0.9964386229244043,0.07695843003645975,1.0215798112937255,0.9991479272614113,0.03452603526851858,0.9991034994630348,0.0382658215827089
54,596134,22,1.0000000000002,0.14738638012688038,0.999999999993401,0.999999999993401,0.9999999999744038,0.9999954715240801,0.0030119228444686367,0.9999992274574775,0.9999954745576345,0.0030119229137670514,0.9999992345632337,0.9999966726821441,0.00253496251404967,0.9999966734628294,0.002534962542047901
56,596134,1,0.08174043590748603,0.013871328084439114,12.702519047359349,0.08174043579710225,0.1402086910820694,0.5270082637972962,0.8385271839103474,0.3898859066560107,0.5270082602982101,4.360033505803206,4.781452424537005,0.8627404853552963,0.46743202569222314,0.6232032504520766,2.367319425432098
56,596134,2,0.15450097099108798,0.02624453404690028,6.674028158199064,0.15450097090994988,0.24588385433014195,0.6770989943325325,0.727865165966918,0.5312489647103219,0.677098988065803,2.893151161873991,3.46369819050688,0.9023239996465957,0.4018461429531754,0.7465934040299718,1.5631268762740134
56,596134,4,0.28178013780236244,0.047767096464340665,3.6268332287857503,0.2817801378386571,0.4075435797853217,0.8154134846938026,0.5694236545093981,0.6877877945163543,0.8154134785865996,1.7485316285911718,2.4608911275395715,0.9449168985052289,0.3074819318678691,0.8642466387567921,0.9394389176910624
56,596134,8,0.48980968490180415,0.08232657052296583,2.063613287493499,0.489809684501263,0.6223204614698444,0.9175507382157381,0.3807523959014773,0.8369624864820838,0.9175507420924686,0.8908837062643781,1.717085141149077,0.9776601163012136,0.1970310508460099,0.9496491136284206,0.47323188838213487
56,596134,11,0.6202448836580291,0.10349394603738585,1.6215580449815021,0.6202448842325448,0.7345272326105114,0.9508111969111893,0.28964782005953477,0.8963531273106492,0.950811203197066,0.5818666097754218,1.4491135891732945,0.9876031899229882,0.14590060831996696,0.9747378938720821,0.3058005644155539
56,596134,13,0.6990963866037506,0.11610214901028071,1.4354425557934702,0.6990963861963104,0.796105091380664,0.9652606945695233,0.24024539694450536,0.924681130806132,0.9652606998807431,0.4381819459821178,1.3249327654168932,0.9916107978915891,0.11916215378584837,0.9843252290898641,0.22831728375328245
56,596134,15,0.772990952920139,0.12780150811502625,1.2961896000420308,0.7729909524542073,0.8506055377427538,0.9763219118825782,0.19512737186960533,0.9476218220394244,0.9763219172600883,0.3234171398146029,1.2270879299458914,0.9945174034956494,0.09534331075326975,0.9907252135533621,0.16674543204368186
56,596134,17,0.8427409870905853,0.13875199710448824,1.1876881201321547,0.8427409869717027,0.8995611983141713,0.9850991857092963,0.15141479996333645,0.9666042401901986,0.9850991900947521,0.2274101586226707,1.1474974925674886,0.996705709526009,0.07279715162754775,0.9950213270154831,0.1155740502485071
56,596134,19,0.9087834777778703,0.1490433230866551,1.1007102790058882,0.9087834779233489,0.94365782070132,0.9921597639188057,0.10603357311214642,0.9823599091722548,0.9921597678282315,0.14288400890803446,1.0811272263932856,0.9983743442890947,0.04991586724050379,0.9978432879288577,0.0709754762507368
56,596134,21,0.9709678287159227,0.15866325046239313,1.029934507191695,0.9709678278611482,0.982665772807167,0.9977373824627309,0.052320347574307396,0.9949703753128918,0.9977373856845577,0.06118526634943352,1.0247373971187292,0.9995748295546616,0.023936953502451893,0.9995237392674267,0.029088801877321727
56,596134,22,0.9999999999996001,0.16312297932218991,0.9999999999892016,0.999999999993501,0.9999999999903014,0.9999954856521048,0.0030062881651194977,0.9999993235799581,0.9999954882534228,0.003006288240549824,0.9999993314639001,0.9999968140242825,0.0024927839715576648,0.9999968146753869,0.0024927840057520564
59,596134,1,0.08158690907833012,0.013854189845223967,13.1217564835458,0.08158690904283533,0.13270269600027224,0.46477998604737825,0.8522431806275835,0.3889094882872895,0.4647799827429636,4.417373658362796,4.759901836795682,0.9347827608362262,0.30223647775310236,0.7090598927001338,1.6517115632281867
59,596134,2,0.15179523198560058,0.025607060869969837,6.943909076064148,0.15179523193880745,0.22855350628383284,0.6092521506563305,0.7564706899903837,0.5230456757916897,0.609252145036756,2.9721218635551137,3.456341874802747,0.9531381014572493,0.26018836643565657,0.8041365416827275,1.0875304099419254
59,596134,4,0.2724628793651627,0.045330412319037505,3.794929539006647,0.2724628792099855,0.3709264656210671,0.7461591398359985,0.6268912330100088,0.6620584161551578,0.7461591351182915,1.824780596683499,2.439740822519802,0.9716150770132242,0.20576773594109382,0.8956215898617373,0.6487988488591324
59,596134,8,0.47153269897269406,0.07669963636663925,2.150330488123203,0.4715326990426838,0.5685435133152369,0.8639043543267682,0.46574176193760813,0.7984217814561101,0.8639043582249956,0.9685714013371529,1.6971568614784882,0.9862433090963634,0.1445866966585474,0.9614039427562191,0.33072179149050207
59,596134,11,0.6009012357464784,0.09651320317212396,1.6756234438404776,0.600901236157118,0.6831739997034051,0.9115828348254882,0.3755532708840335,0.8612012444318703,0.9115828404153671,0.6560258775410658,1.4350117966535456,0.9914926650858155,0.113585548793388,0.9805380060682942,0.2181012530146944
59,596134,13,0.6811353955562912,0.10863349358991187,1.474105390239062,0.6811353958329506,0.750647130095164,0.9349829752856672,0.32104403036595225,0.8944023380031634,0.9349829813282796,0.507318320417496,1.3141558522624854,0.993897330637194,0.0958095041414806,0.9878417613564373,0.16565043540235214
59,596134,15,0.757600935510347,0.12008245573423984,1.3228655658573107,0.7576009351084061,0.8129505801297533,0.9540849923256647,0.267928210036856,0.9230650578820274,0.9540849970991635,0.3858697431813635,1.218962826407492,0.9957810755802122,0.07905203271580177,0.9927006799759686,0.12359936093505207
59,596134,17,0.8308277941052837,0.13096271132081658,1.2048514383992082,0.830827793886016,0.8710725362761477,0.970056044043418,0.2135781941987331,0.9483547581433902,0.9700560482748964,0.2815450678033936,1.1417174511201182,0.9972975381258153,0.06240541710495763,0.9959595447414815,0.08828587918808334
59,596134,19,0.9010643016245896,0.14132549523663696,1.1101782975453938,0.9010643012893389,0.9253986076629802,0.983503780714215,0.15409982380643872,0.970790716901675,0.9835037851513632,0.18607206848379992,1.0774707414503224,0.9985322680723395,0.04464022186923861,0.9981198598413812,0.056920769330652085
59,596134,21,0.96812142976281,0.1511485860604926,1.0329660474481173,0.9681214291248038,0.9759361212249099,0.9948164019476767,0.07785863551997416,0.990697011122769,0.9948164057484185,0.08567546413002701,1.0233291989731532,0.9995405436874542,0.02241006773411846,0.9995015839810789,0.025411619750365363
59,596134,22,1.0000000000007998,0.15578587249088569,0.9999999999976004,1.0,0.9999999999936009,0.9999951896068905,0.003103794810697917,0.9999995752857855,0.9999951932799509,0.0031037948827373355,0.9999995839241167,0.9999976270826538,0.0021479786431976853,0.9999976271794395,0.002147978682298973
61,596134,1,0.08012753572259323,0.01319376992244876,13.127547754968617,0.08012753564208006,0.14510575644320345,0.49904155277837764,0.8338111448690785,0.4298936359884362,0.49904154907682136,4.961153258066066,5.360814841725305,0.9021866319334049,0.3818676448543108,0.6443614304495041,2.330066530157447
61,596134,2,0.15025985158913327,0.02469456140179161,6.933101627830186,0.15025985159690713,0.24835546662912694,0.6445748189917251,0.7278540609909089,0.5712665227075316,0.6445748124342884,3.2768942386171602,3.8191892069569993,0.9314181576649474,0.3248540935995123,0.7580118958123893,1.5192457886933743
61,596134,4,0.27200142703230884,0.04435380080215001,3.779402947957124,0.2720014272613252,0.3977618860290339,0.7768693510944461,0.5894868598702825,0.7128009988559314,0.7768693461165773,1.9649364482995049,2.6353101148684117,0.9597639284294264,0.25241095515888384,0.8669936507875802,0.8946271478630765
61,596134,8,0.47318327958562306,0.07590367763109783,2.1390939212193505,0.4731832800907489,0.5968941971842383,0.8850083454989999,0.4264740572234286,0.8409136947359427,0.8850083500536309,1.0065024628419237,1.783203104337635,0.9812243134986663,0.17361938464721438,0.9488262013329042,0.4452667398015875
61,596134,11,0.6033748904152632,0.09579946737693257,1.667479506065407,0.6033748901803976,0.7082140539351474,0.9268187980504365,0.3394568451553927,0.8952026021183324,0.9268188032031797,0.6653801812274519,1.4865193663322869,0.9886178020029504,0.13492575462731965,0.973855839400259,0.28868785269016684
61,596134,13,0.6838424876061573,0.10793600134462063,1.467636828629444,0.6838424872213138,0.7726115362135119,0.946985079799906,0.28779539525435494,0.9226421979485019,0.9469850854531755,0.5056746267734519,1.3508494734974468,0.9919723513756145,0.1129257090979217,0.9836721507697247,0.21639193395494943
61,596134,15,0.7603092045375288,0.11937301778645747,1.3178545100213557,0.7603092042189756,0.8311754900118251,0.9632218503432742,0.23821205786916408,0.9454313557777775,0.9632218552393551,0.37701006443596335,1.2443607131936205,0.9945596461228019,0.09243131668488051,0.9902799609596561,0.15884660683857527
61,596134,17,0.8332743052222386,0.13020811720495923,1.201190086743108,0.8332743049728751,0.8848976613726024,0.9765521964397724,0.18828065517679257,0.9646738318663848,0.9765522017735889,0.2684990492469081,1.158097567085822,0.9966108813729546,0.07229252372789174,0.9947318838296989,0.11102973054280288
61,596134,19,0.9029274061193481,0.140483339042049,1.1078503344759183,0.9029274064515993,0.9342121185108041,0.9874979533785048,0.13492029931585356,0.9808634514324798,0.9874979577083688,0.17223713786636147,1.086452766749946,0.9982327483644785,0.05128584269774551,0.9976493605364215,0.06950522624638979
61,596134,21,0.9689595655126793,0.15015930874107575,1.0320692449157116,0.9689595646824012,0.9792452020274748,0.9963430625069111,0.06864184601081501,0.9943044276833032,0.9963430669807539,0.07696523646371276,1.0261721919385653,0.9994945714357397,0.025804170073403885,0.9994395287956592,0.0299197826848651
61,596134,22,1.0,0.15467708279253833,1.0,0.9999999999991002,0.9999999999970004,0.9999950069955139,0.003162477398674377,0.999999583056644,0.9999950103550205,0.003162477482430043,0.9999995910324725,0.9999971008677486,0.0023701927059288004,0.9999971010877163,0.002370192736227084
63,596134,1,0.08285623477364369,0.01339106479144196,12.818474982399426,0.08285623475673368,0.1464812223197793,0.49804502633369746,0.8336844766867517,0.427079980207135,0.4980450228438101,4.762625763871879,5.158018026829154,0.9303695798927479,0.3249948587958527,0.6750488106974599,1.9212433466458338
63,596134,2,0.15366093349651277,0.024739895135531157,6.805997853585197,0.15366093355260455,0.24825145207582225,0.6429506171536629,0.7312072376905027,0.5644212355950303,0.6429506106898123,3.1565334589427994,3.6940497653949325,0.950234562706704,0.2779682299251464,0.7817202227333847,1.2546210939416427
63,596134,4,0.2755806721079045,0.04398328756585422,3.731868981631564,0.2755806722111893,0.397302978541572,0.7769136238189012,0.5937577606157564,0.7027957768489271,0.7769136188249347,1.8975344951432433,2.5648305274503977,0.9705729991675616,0.21675528930004004,0.8845644326959944,0.738851261956366
63,596134,8,0.4763086729377243,0.07482372245191588,2.1242159380543217,0.4763086731219972,0.5979970805551811,0.8865078357226385,0.42740146103586435,0.8323006303794755,0.886507839014155,0.9766519108273961,1.7528911706088803,0.9865218272045135,0.14804125735305657,0.9584654911801593,0.36841628224642164
63,596134,11,0.6059302103646741,0.09427935011983876,1.6599983735737989,0.605930210971185,0.710243447288519,0.9284795899407484,0.3382022887359454,0.8887244758398524,0.9284795950618961,0.6472962729059014,1.4693064056687204,0.99195104290028,0.11416395677198905,0.9795812710014764,0.23901634953769518
63,596134,13,0.6859691531897769,0.10615015001595135,1.4628288142980685,0.685969152719346,0.7749884671471811,0.9485532187301531,0.2853710724082529,0.9176050174292569,0.9485532241517567,0.4924486806513196,1.3391832118635203,0.9943708961683608,0.09501427195316789,0.9875324626026036,0.17917268915876142
63,596134,15,0.7619870678232525,0.11733854145752792,1.3148196451984733,0.7619870687227205,0.8337983579972202,0.96462849329699,0.234651795956714,0.941858067119254,0.9646284982069687,0.36719272890643484,1.2368642668688354,0.9962315476769342,0.07714000501792041,0.9927536453929688,0.13143372775982148
63,596134,17,0.8344807322785259,0.12793711845736686,1.1993947168949228,0.8344807325488862,0.8874093552236766,0.9776141869929914,0.18404002823365143,0.9623673216420378,0.9776141916702044,0.26130295137155135,1.153627592852713,0.9976868339177205,0.05969762893393117,0.996176477429409,0.09168121188892586
63,596134,19,0.9036455417250339,0.13798826585636864,1.106951280509622,0.9036455425632107,0.936053050331069,0.9880879708581435,0.1308014226107776,0.9795832035177124,0.9880879754284722,0.16727450055994114,1.0841605123656828,0.9988161186008195,0.04178825752354829,0.9983511653562086,0.05709878854531952
63,596134,21,0.9691639309218929,0.14745064676311379,1.0318495631201958,0.9691639311522591,0.9798113860949628,0.996489249092013,0.0661011446899236,0.9938525470727754,0.996489252774272,0.07445540996012211,1.0254882780799057,0.9996635230683226,0.02081746359616925,0.9996198563350546,0.02437658465563476
63,596134,22,1.0000000000030995,0.15187722014729935,0.9999999999834024,0.999999999993801,0.9999999999737038,0.9999951275813013,0.0031233741864785222,0.9999993465299871,0.9999951307708328,0.003123374250218769,0.9999993532894942,0.999997505689885,0.002209976093675857,0.9999975063681853,0.002209976119461132
65,596134,1,0.09667873884930818,0.015831978662521347,11.459096604620383,0.09667873880758932,0.2027776059704915,0.5929931418521025,0.7414614131759552,0.5079241159239273,0.5929931377660026,4.77467397736075,5.266728968958283,0.9584418468848295,0.2420469328602299,0.7693169251411129,1.6858457177601966
65,596134,2,0.17156459023416107,0.027916260307437414,6.2834492969698195,0.17156459024898388,0.30573342164512846,0.7166411463398172,0.6352093374077412,0.6281362896391641,0.7166411392525583,3.078880257964646,3.7018441337102646,0.9735903641536652,0.19657466536993157,0.852134023356309,1.0564817471381232
65,596134,4,0.29202257395473546,0.04666449335203748,3.5765198822422097,0.29202257408701604,0.437169206867789,0.8148703683254396,0.5204322856764063,0.7340825833689801,0.8148703657327204,1.81915475737124,2.5376281495692883,0.9848621662608789,0.15121311473626048,0.9239063498219893,0.6062542946318263
65,596134,8,0.48519540681954154,0.07539378218608257,2.094920334486963,0.4851954070270111,0.6101816540148676,0.8964368804512932,0.3901009723545771,0.834923668921318,0.8964368857535144,0.933575765727879,1.7275377781988488,0.9926714964950804,0.10593941142072792,0.9727325953451624,0.2989596886443469
65,596134,11,0.610632349829928,0.09350864887249297,1.6504204683005685,0.6106323496571534,0.7109727948502996,0.9307775247059301,0.31735334636138085,0.883080923546923,0.9307775298843695,0.6212032079560076,1.4488953499548811,0.9954057321132739,0.083547604279075,0.9865825012977995,0.19293105036730598
65,596134,13,0.688630979746914,0.10462675051885517,1.4587224676055304,0.6886309800636674,0.7709726161197891,0.948145046975406,0.27287024732097853,0.9093694572073514,0.9481450523006237,0.4751653734845309,1.321982639054723,0.9966717243101394,0.07068077667898551,0.9917871654144644,0.14421436825681877
65,596134,15,0.7631113700150213,0.11515716844318945,1.3135922381466016,0.7631113701836965,0.8267932828112665,0.9625812199454807,0.2292935551746135,0.9325559426166564,0.9625812247670725,0.3576711558011683,1.2227450239469464,0.9976693934626192,0.05855437505759938,0.9951843661607411,0.10570152244016266
65,596134,17,0.8345421269244712,0.12518526508621497,1.1995928263877573,0.8345421267241006,0.879165174219963,0.9748768450970736,0.18453797599155458,0.9534507700742895,0.9748768489625058,0.2585595976738969,1.14277764069388,0.9984795434871638,0.04655225466906119,0.9974017288364196,0.07401177134653202
65,596134,19,0.9031357470204086,0.13475107968629882,1.1076604964205066,0.9031357467588469,0.9286065197044518,0.9854920759577178,0.1353234379267106,0.9724992412434484,0.9854920795559893,0.17001378884248244,1.0768895328044692,0.9991452897856256,0.033845812421165876,0.9988144899440501,0.04680377000217477
65,596134,21,0.9687322095317116,0.14383426951101275,1.0323173510104307,0.968732210230309,0.9760926162059291,0.9951637459251124,0.06985264189942206,0.990639878292313,0.995163749733253,0.07820340763324898,1.022623429944362,0.9997131623008004,0.0177848451932027,0.9996822877015177,0.02081230255493806
65,596134,22,0.9999999999999,0.14813146605942856,0.999999999993801,0.9999999999993001,0.9999999999872019,0.999995340384543,0.0030552801513803528,0.9999991832585697,0.999995342998559,0.0030552802199745738,0.9999991913773773,0.9999976798327054,0.002129790206787962,0.9999976803318321,0.002129790228084834
67,596134,1,0.08673102467348914,0.013456408248816238,12.663578685082747,0.08673102464006906,0.16162138760642344,0.5070486339142865,0.809821782449608,0.4335193543413014,0.5070486302931684,4.586854288469706,4.971090045732273,0.9562493905900952,0.2428635068590367,0.7636731930675913,1.5115945397377335
67,596134,2,0.15873389309890423,0.024404221224949358,6.766470957712315,0.15873389315612083,0.26517912834630175,0.648378643138584,0.7036557979447953,0.5693579107291898,0.6483786368395092,3.060812574842603,3.594643502482944,0.9713099224003648,0.19971945452555842,0.8472193295517995,0.9737739128346312
67,596134,4,0.27908593675080967,0.04213120330585538,3.742675716085972,0.2790859369258839,0.4065687699585745,0.7705229585758188,0.5764980956094111,0.6981348174414048,0.7705229548644639,1.8579177221368597,2.512656772267909,0.9837378533425858,0.1522874541971054,0.9222479455729609,0.5661712301528833
67,596134,8,0.4747376801811708,0.06969997226676025,2.1424694719774573,0.47473767915892096,0.5930544049635185,0.8732131338795167,0.4293665786593884,0.8185965836037328,0.8732131384741418,0.975230831286746,1.7286159607666505,0.9922872922097925,0.10510642552279478,0.9725676962472097,0.28132958525770096
67,596134,11,0.6022928974189689,0.08711734374885782,1.6739398267625185,0.602292897874302,0.7004797132724556,0.9163516234529603,0.3472297904350181,0.8743894457341748,0.9163516287468827,0.6554517544952208,1.4537727856594693,0.9952290323308036,0.08221193171773315,0.9865790216457196,0.18233409472222623
67,596134,13,0.681763618279427,0.09781434931199921,1.4737887504949339,0.6817636192173891,0.7639820312857721,0.938102830670231,0.2969970885400226,0.9042328212391477,0.9381028360149459,0.5035760690554157,1.3274848176408949,0.9965763316478048,0.06918903185997828,0.9918091146466792,0.1366336199160597
67,596134,15,0.7577601400974567,0.10795126520161372,1.3230586686739674,0.757760139523541,0.8228550818304915,0.9562144450163909,0.24751134992536483,0.9302564129647449,0.9562144493629524,0.3796913686983535,1.2282854560227285,0.99763651064582,0.05693305868714103,0.9952201251982571,0.10031136572937127
67,596134,17,0.8307346872985838,0.11760866194604008,1.2051736920651168,0.8307346872502909,0.877732626065718,0.9714699861105794,0.19676737199038477,0.9531855559355419,0.9714699898040369,0.2737644216985293,1.1477106410004787,0.9984863092114582,0.04487666376244845,0.997441482492073,0.07024784052007775
67,596134,19,0.9008641151104453,0.12682124685826782,1.1104793862741837,0.9008641144798379,0.9289961379980852,0.9843274844220822,0.14143697410360884,0.9734861177091476,0.984327488576672,0.17802957172290687,1.080723423016675,0.9991752441127856,0.0322019895726293,0.9988550887841557,0.04424095315439383
67,596134,21,0.9679617543254627,0.13556630908596776,1.033141433813713,0.9679617544635424,0.9769298996741885,0.9951463635002871,0.0706715786448503,0.9914824096133243,0.9951463669733769,0.07969110483353214,1.0243116578686415,0.9997409840092171,0.01656909059878359,0.9997110287805896,0.01939087299762595
67,596134,22,1.0000000000031994,0.13970857561369004,0.9999999999888016,0.9999999999992001,0.9999999999820026,0.9999952271233797,0.0030917053583196133,0.9999998104700397,0.99999522930026,0.0030917054389233986,0.9999998188688061,0.9999977771149158,0.0020880772532319786,0.9999977770853201,0.00208807729309956
70,596134,1,0.08528249814511779,0.012664036092117114,12.667371101846719,0.0852824981239209,0.17082989406717794,0.5349467856834562,0.800383601901451,0.44993993742550914,0.5349467817072403,4.9703580194927595,5.393462964783393,0.9586025819339323,0.23988124239208397,0.7514955703042289,1.4448447298414608
70,596134,2,0.15587504703937585,0.022972915219650364,6.795652810357352,0.15587504708694389,0.2802241391693477,0.6826093353045956,0.6858715692498655,0.5904797747162143,0.6826093294224596,3.3001105756342137,3.8794871891484393,0.9718432551129323,0.2007774789319845,0.8415106880954063,0.9404213987279236
70,596134,4,0.2746698866446277,0.03986389275435704,3.768770207014706,0.27466988689719063,0.42798357119149644,0.8089729238544993,0.5463104263599591,0.7231749170643795,0.8089729208916344,1.9707592156593388,2.680165547458824,0.9833832043014785,0.15587992441232812,0.920502021139823,0.5521541361422961
70,596134,8,0.4704680561511623,0.06672254863223964,2.154531546673878,0.4704680564817137,0.6176772923651349,0.9063707231995751,0.3873532426343341,0.8421606566593325,0.9063707277239106,0.993965511128178,1.804534326624576,0.992004547109738,0.10806404388846975,0.9725854967317269,0.2753902075411198
70,596134,11,0.5989241820814192,0.08390175261224286,1.6807043670585322,0.5989241823602782,0.7227756380706899,0.9422291509390845,0.3039775360384454,0.8936182663217154,0.9422291562389061,0.6471181770680953,1.498245052316672,0.9950889564803064,0.08406383875173316,0.9867432886562186,0.17852034171765188
70,596134,13,0.6790524976823074,0.09449063148617921,1.4783523933724154,0.6790524973353583,0.7835222931407362,0.9589543091507213,0.2552909228117349,0.9201398170376658,0.9589543144657406,0.4860326864642626,1.3584469444450975,0.996505699857788,0.07036223679733104,0.9919567186210831,0.13376091575172785
70,596134,15,0.7556828924183254,0.10453971872940628,1.3260759032807221,0.7556828918029158,0.83877727339203,0.9720083726116046,0.2094919622349643,0.9425484004436694,0.9720083774082999,0.3576480023354914,1.2490255665426686,0.9976108150054088,0.057593161706464086,0.9953268761435928,0.09821699550299948
70,596134,17,0.8292375961882436,0.11412068416627205,1.207094833459134,0.8292375962020415,0.889523280073261,0.9823137174097839,0.16455904996344778,0.961785151302146,0.9823137213501052,0.2511766685327412,1.1606137036998063,0.9984850892463568,0.045175721420055756,0.997505102578227,0.06885032644357982
70,596134,19,0.8999077528097724,0.12326788585806701,1.1115826400747149,0.8999077527827763,0.9365680942975392,0.9906212142504423,0.11704225697768732,0.9786853128091472,0.990621218248355,0.1583440083120406,1.0877862791095898,0.9991953140463472,0.03212852851203903,0.9988962440366309,0.043351140485557535
70,596134,21,0.967585221712096,0.1319700078838175,1.03353586819252,0.9675852216413064,0.97976982425911,0.9971966442898389,0.05899108030939104,0.9933044205482456,0.9971966478866106,0.0688302896962622,1.026605943120594,0.9997573508948132,0.0164252556837505,0.9997293740941777,0.018993874692168983
70,596134,22,1.0,0.1361113253290239,0.9999999999920012,0.9999999999872019,0.9999999999742037,0.9999953384392287,0.003056350358014682,0.9999991075107962,0.9999953409728566,0.0030563504221568227,0.999999115211265,0.9999978921576174,0.0020343707034169633,0.9999978926375469,0.00203437071560033
72,596134,1,0.08765291540328222,0.012454415050794346,12.257927600029152,0.08765291546036134,0.1905510025699363,0.5951682328936891,0.7648432207403221,0.4924047040250712,0.5951682284918358,5.194384317777503,5.707327025312469,0.9057671897390758,0.3598416028718625,0.7006894197607272,2.4181297000442226
72,596134,2,0.15974171875693727,0.02260170260468355,6.60877723596374,0.15974171863325543,0.30648019302577906,0.7328491436038436,0.6408646425488147,0.6312808698692376,0.7328491366920588,3.3810343319584706,4.034537147850859,0.9392778946115928,0.2940164542913786,0.8048291838097068,1.5417818945048793
72,596134,4,0.2798696947206382,0.03912789260837254,3.692666858966499,0.2798696944653257,0.4570158317520601,0.8446598185067113,0.49899413154382694,0.7570688344901584,0.8446598148345508,1.9831966938177854,2.7504286295701337,0.9660603860154108,0.22288409085692637,0.8943727580618105,0.8899608844988932
72,596134,8,0.4756043355540912,0.06512115994702979,2.129955501633217,0.4756043356192816,0.6409027913443033,0.9251533369997696,0.34949312161796103,0.8623383836280333,0.9251533423378855,0.9772660588224445,1.8266978087372903,0.9842445818040063,0.15272055930547068,0.9587548175092083,0.4344938979499529
72,596134,11,0.603210761680653,0.08163356815642647,1.6682294231027726,0.6032107607032966,0.7390854648244561,0.9529666890385271,0.2760369145083864,0.9054083236954968,0.952966694138178,0.6278857324607807,1.5065261750146832,0.9903396327533681,0.11928520489229684,0.9786090877494161,0.27786747828522046
72,596134,13,0.6826374730615885,0.0917873367989001,1.4702991006118533,0.6826374727360363,0.795286736974047,0.9657673412463571,0.234025344166524,0.927574258415652,0.9657673461048435,0.46862590390076436,1.3617470677888084,0.9931034563444349,0.10040259903502755,0.9864798326857168,0.20648951776138705
72,596134,15,0.7585066868834727,0.10141199920290539,1.3209917116341616,0.758506687520979,0.8465821689254371,0.975988090675506,0.1941689288542776,0.9467525143223523,0.9759880950981563,0.34337222423808733,1.2496315407699479,0.9952498360869753,0.0828080794842514,0.9918227163870428,0.15044565334492402
72,596134,17,0.8312720960109347,0.11058064275026776,1.2040747281916457,0.8312720961545136,0.894114205576444,0.9843797573385027,0.15424020625988707,0.9637924350144651,0.9843797613071197,0.2405173923941327,1.1600377144424858,0.9969678516042062,0.06548253997287946,0.995458669843741,0.10463897401926292
72,596134,19,0.9011542815470923,0.11933077328770483,1.1100234739373693,0.9011542817209668,0.9384498962255635,0.9913950370406325,0.11141087066731131,0.9792429082118095,0.9913950413069058,0.1518476397490136,1.0868449385379009,0.9983600521272459,0.047209620889265336,0.9978887440848804,0.06552559402562434
72,596134,21,0.9680554701242089,0.1276549401923634,1.0330317412416679,0.9680554698629472,0.9799509792516621,0.997311408655097,0.05760353617501047,0.993317874041285,0.9973114117534418,0.06686002151340135,1.0261147965158812,0.9994953450393065,0.024666168989683896,0.9994502542348178,0.028746816447363398
72,596134,22,1.0000000000009999,0.13160657978297635,0.9999999999990001,0.9999999999872019,0.999999999972904,0.999995388291406,0.003040132369422755,0.9999995615592018,0.9999953905026812,0.003040132445178815,0.9999995698699811,0.9999970289897067,0.00239193518925743,0.9999970293508536,0.0023919352217042266
74,596134,1,0.10099936168227701,0.01573570038137073,10.949735319326813,0.10099936168662636,0.19768076284553493,0.6070680451157182,0.7404079489106243,0.548143897509809,0.6070680407914534,4.982440615580828,5.509337575226701,0.9251892500760591,0.31030902159369367,0.7310580346525825,2.2247086272259975
74,596134,2,0.183019556580742,0.028652576132452364,5.961813241440633,0.18301955668172717,0.3137389396073742,0.7356356280645437,0.6149314578353856,0.6877145077985654,0.735635621275441,3.206574126883635,3.8643128588179403,0.9554873501232196,0.24354832206446797,0.8268436650044121,1.3558858081366167
74,596134,4,0.3071920089447028,0.04752069454874778,3.434129169969474,0.3071920088363187,0.4538377161971334,0.836877641564809,0.49032323417622714,0.7973326024301095,0.8368776368639496,1.90095974822706,2.6597273388278304,0.974409464202556,0.18690903083177815,0.9047284149537322,0.7724519938590662
74,596134,8,0.4977459824025504,0.07463137328163243,2.048922201756026,0.4977459827112551,0.6290954536295515,0.9146489398255543,0.3602502754648798,0.8859642301509337,0.9146489439585471,0.9652489723563792,1.7989170594273736,0.986827040963685,0.13490907434696073,0.961486597518602,0.3851404496196822
74,596134,11,0.6204469808778132,0.09143173010376102,1.626624953268186,0.6204469800803304,0.7281929763985028,0.9447930340968606,0.29111688173607075,0.9228030369392368,0.9447930387654747,0.6315455369217456,1.4950405711669426,0.9915056386131561,0.10842988677262155,0.9797069575224977,0.2501146388764675
74,596134,13,0.6966511681122243,0.10170688141285428,1.4430377274694572,0.6966511680830285,0.7862151594234009,0.9593990905288433,0.24976832377352576,0.9415891284808918,0.9593990959152521,0.4765033308424566,1.3556829615858255,0.9937856082976979,0.09270529971510863,0.9870809579775479,0.18755989343754106
74,596134,15,0.7693590910849294,0.1114197100337181,1.3034213157530445,0.7693590907122841,0.8395778594552086,0.9712525753538747,0.20975779564446068,0.9575030893601212,0.9712525805496115,0.35308924932929503,1.2465566149200613,0.9956338790164644,0.0775975772345945,0.992147554263561,0.13786656394008992
74,596134,17,0.8390139386915678,0.12065064360916698,1.1933888611670271,0.8390139384871977,0.8892088807254449,0.9811395506548359,0.16895916985571666,0.9713522876916995,0.9811395552957543,0.2506791265587581,1.1585845214251296,0.9971638991917104,0.06234693909818293,0.9956231064416295,0.09683133911899922
74,596134,19,0.9058113172370629,0.1294391661402946,1.10443937342097,0.905811317106882,0.9357326243737913,0.9895583889513377,0.12400329165128936,0.9837017560162605,0.989558392809471,0.16123804351579557,1.0862517822278195,0.998449338676597,0.04575874225804114,0.9979676219785412,0.061429141337989907
74,596134,21,0.9695759827040094,0.13776582056874004,1.031422630850349,0.9695759838012482,0.9792254399311954,0.9967475582741178,0.06566539108951425,0.994791056808781,0.9967475628616439,0.07368349270425624,1.0260317351914174,0.9995241398452865,0.02464147975175488,0.9994780990811358,0.027847355969514806
74,596134,22,0.9999999999994,0.14171051135882545,0.9999999999998,1.0,0.999999999979403,0.9999948329630772,0.003218095596230169,0.9999994029050062,0.9999948357858626,0.0032180956839797797,0.9999994103523123,0.9999969990141097,0.002382201942744323,0.9999969997020086,0.002382201996756702
76,596134,1,0.09155565082399528,0.014565873006734937,11.94626825995725,0.0915556509007965,0.16620264944662302,0.5616946918749369,0.7865688106314781,0.4793793784584777,0.5616946878203826,4.801668453015462,5.275271055706529,0.9037999069399907,0.34836249002480496,0.7206889327984682,2.2768807287447586
76,596134,2,0.16989574720831677,0.02709345986840772,6.367650551689527,0.16989574736014446,0.27267824868434326,0.6903404471574617,0.6722687598434882,0.6213581049497023,0.6903404410882532,3.1095106025371746,3.7081918390238577,0.9396448318755041,0.28091211048035275,0.8165094472129374,1.4324199991723445
76,596134,4,0.2957546141186962,0.04669503375389431,3.56458692333939,0.2957546142728235,0.4094900901321868,0.794634232827868,0.5524049069667974,0.7396876552026386,0.7946342281697523,1.8412413933593508,2.5355507961789847,0.9652214775202488,0.21609422819601795,0.8973995778029212,0.8168249877085635
76,596134,8,0.4900380620293274,0.07503428909632187,2.083315581116393,0.4900380623855251,0.5879034852533294,0.8827524899338762,0.42224841524387174,0.8421531868016672,0.882752493543546,0.9584135703459221,1.7292509250376316,0.9819771959459478,0.15660816466143893,0.9568130868961062,0.4077958544684597
76,596134,11,0.6145966351174236,0.09239063435976286,1.6430564449659961,0.6145966348483631,0.6932250453627513,0.9209134530310943,0.348368995889072,0.8892073621239097,0.920913458492692,0.645243010112271,1.4511001935517656,0.9882681295881349,0.1264739870198857,0.9764255534941386,0.2673224600147124
76,596134,13,0.6919452429142501,0.10297434977307614,1.4533383759041774,0.691945243078526,0.7566041200337722,0.9405981179625367,0.30216570701202083,0.9146893171708949,0.9405981241231317,0.49787070239699316,1.3241549298998256,0.9913622004505432,0.10843989918726035,0.9845944902544509,0.20224590732002595
76,596134,15,0.765775700190306,0.1129697408059542,1.3097482566874818,0.7657756999428424,0.8159182138218019,0.9572000160250465,0.25610756659461,0.9370532399634198,0.9572000212749753,0.3784985968718727,1.224757653486626,0.9938949253308054,0.0909525434729937,0.9903608218815333,0.1502977655514418
76,596134,17,0.8365296163010465,0.12246400315432626,1.1970254278791455,0.8365296165896041,0.8718434348746674,0.9714438678891404,0.2081020091025717,0.9570496688629846,0.9714438722779958,0.2770685412935375,1.1445276423643194,0.9960147915691693,0.07311960656327582,0.9944477926742642,0.10701054890385354
76,596134,19,0.9043672241648312,0.13149399926227454,1.1062301526738598,0.9043672241738299,0.9248384184024253,0.9838422599692744,0.1543954455489402,0.9752049005604662,0.9838422638647023,0.18542774816533755,1.078465476974318,0.9978050380525167,0.0536274571701817,0.997314009570053,0.06910670860176454
76,596134,21,0.969117652264486,0.14004039256675127,1.0319128659555503,0.9691176511320523,0.9751969397155211,0.9947418126079777,0.08309101311652835,0.9918483581329705,0.9947418169530394,0.08979596749741531,1.0234673395487195,0.9993237553801189,0.028411561231551332,0.9992766892302852,0.03177848139060487
76,596134,22,0.9999999999993001,0.14408547341563716,1.0,0.9999999999991002,0.9999999999874019,0.9999949306193326,0.0031870096063333613,0.9999995323474927,0.9999949339299464,0.003187009681188772,0.9999995402041386,0.9999971726701017,0.0022464290166384895,0.9999971732020235,0.0022464291427684003
79,596134,1,0.0891240770878391,0.01397450170066135,11.978973681676836,0.08912407710272441,0.1605575828899588,0.5566237725731742,0.7977113879725972,0.4851730903242985,0.5566237688867657,5.0332754033763525,5.503690861106907,0.9053099045912112,0.3497828043736676,0.6845949140651181,2.2549982739348917
79,596134,2,0.1640533224449254,0.025770038480372872,6.438404849485003,0.16405332242572823,0.26385652122425607,0.6869267686088314,0.6893076624971389,0.620235208374915,0.6869267619805549,3.243354315114918,3.8387426973117513,0.9360289114590867,0.29260612291069965,0.7899125092063974,1.4279406919173099
79,596134,4,0.288504749708614,0.04502824669355586,3.5982846576958654,0.2885047494781979,0.40509961045733284,0.7992293410027657,0.5625278303245511,0.7434012415033308,0.7992293358786183,1.911862662910718,2.611865468483732,0.9619277650451565,0.22932222722561857,0.8834427238436945,0.8240441981825938
79,596134,8,0.4861031087302561,0.07429046227816827,2.090271264426335,0.4861031090959024,0.5925575284768082,0.8918376906978318,0.418564460654628,0.8512795767446144,0.891837694665349,0.9774193694351102,1.762780791427746,0.98081128553164,0.16451832447786366,0.9526966036415104,0.41134126198634174
79,596134,11,0.612371791989436,0.09229132575744657,1.6458191399136473,0.6123717924325709,0.7001891150542322,0.9293484291213431,0.3398711446158516,0.8980725428987262,0.9293484346678283,0.649264566918351,1.4714698179083863,0.9876725147751789,0.13209152362789897,0.9746652941690286,0.2694427442844911
79,596134,13,0.6904631388558874,0.1032375215342125,1.454950392432619,0.6904631392013366,0.7637446365693772,0.9479272525435586,0.29204728721149736,0.9225721630758049,0.9479272578726758,0.49620339785581347,1.338842668840704,0.9909606271507603,0.11304046591943791,0.9835917830589006,0.2039914348771993
79,596134,15,0.7648297448426736,0.11355706473219442,1.3106995787054132,0.7648297446094079,0.8225094057946548,0.9631796595623061,0.24525594340508178,0.9436701073875495,0.9631796645292765,0.37319026179545817,1.2351834919359985,0.9936297684131528,0.0947081303409934,0.9898068816016762,0.15187699097810226
79,596134,17,0.8359707439686501,0.12334538289505943,1.1975667038950346,0.8359707451211809,0.8773268323100706,0.9759096788910793,0.19735373142139803,0.962178745449173,0.9759096839147413,0.26969664615314115,1.151563630116879,0.9958405213475249,0.07618192725514139,0.9941534763693842,0.10855155875707034
79,596134,19,0.9040992765661969,0.13264728966810138,1.106485075397296,0.9040992767191744,0.9286584241269998,0.9866437659273425,0.1448466057605302,0.9785681296755777,0.9866437698120719,0.1775192437151425,1.0825548517918258,0.9976993629712492,0.05605254417348645,0.9971723322115986,0.07062543164868823
79,596134,21,0.9690723034986888,0.14145009562638572,1.031955144147579,0.969072303953622,0.9765799561525955,0.9957045778557325,0.07742316465935238,0.9930417439637612,0.9957045818466462,0.08437606696172331,1.0247537183493316,0.9992643178914902,0.030355163021699383,0.9992141452548632,0.03335667671504774
79,596134,22,1.0000000000027995,0.1456091935403119,0.9999999999940009,0.9999999999998,1.0000000000018998,0.9999949067151439,0.0031954165349562984,0.9999996178052399,0.9999949102294278,0.003195416611017001,0.999999624299286,0.9999973125103607,0.00233844549598775,0.9999973130350837,0.0023384455171707712
81,596134,1,0.07789794833125736,0.011813627944031251,13.46900119081181,0.07789794830601107,0.16666870369913378,0.5737907126299292,0.7911941432744551,0.5110038615849399,0.5737907088790802,6.159541481773457,6.6676929699192655,0.8312567643092822,0.5107854224413557,0.5633015376090077,3.9456848649623457
81,596134,2,0.14896766533799274,0.02260607725804818,7.003291718705854,0.14896766544480206,0.28151226172577243,0.7177407823953527,0.6646520106133915,0.6636688396448981,0.7177407755220623,3.8860573306723567,4.534980927739188,0.8891501758871985,0.42284829101366805,0.7000331936753577,2.476634551387195
81,596134,4,0.2721526004708753,0.0411290456513621,3.789372716520824,0.27215260062512764,0.42984318682387795,0.8276856380887218,0.5279536978445014,0.7865790607056622,0.8276856328581901,2.1799156364754224,2.9328135778073627,0.93521852038065,0.3289040767485952,0.8255257689741121,1.3770994579312552
81,596134,8,0.4726092411167047,0.07035426667635165,2.146081209443901,0.47260924117439623,0.6144532797625472,0.9077338532478273,0.38786835045474993,0.881164469467494,0.9077338568911921,1.0531188469381727,1.8775867894973028,0.9673011486765998,0.23588094467839224,0.9249504284203648,0.6585477963505881
81,596134,11,0.6013687711717971,0.08853426947627943,1.6748333634414398,0.6013687709289328,0.716070931864049,0.9383801722917933,0.31677223969144847,0.9188109464383016,0.93838017714758,0.6818745565052002,1.5332764442494604,0.9786743698624379,0.19072808329206356,0.9583879641088786,0.4234432554748781
81,596134,13,0.6810766690518274,0.0996108878526484,1.4745328210394808,0.6810766696501395,0.7754580726671272,0.9536542721124222,0.27427480873189847,0.9380669893234054,0.9536542772964607,0.5143879041930931,1.3802069140116817,0.9841476077261633,0.16434835763944014,0.972427002468279,0.3177273384926896
81,596134,15,0.7570771749346447,0.11006781462126694,1.3239330457580087,0.7570771753465841,0.830420614871347,0.9664609798692628,0.23259049528950326,0.9545853407947315,0.9664609850546012,0.3827529504952252,1.2623031840618775,0.9886393708756354,0.13883808953556162,0.9824440135004134,0.23494323065690548
81,596134,17,0.8299486872219944,0.1200083943639632,1.2061900877002956,0.8299486867353659,0.8820187855493619,0.9775328772025478,0.1892176404138292,0.9691934525534108,0.9775328826170525,0.2740407985865996,1.168380523492494,0.9924603725090225,0.11260897017578986,0.9896734954777364,0.16696239316006165
81,596134,19,0.9000199611666783,0.1294923065162829,1.1114827230403574,0.9000199608181295,0.9307917285585504,0.9872266624225705,0.14073513269492127,0.982300282166064,0.987226666891814,0.17899875505771984,1.091605344339612,0.9957614407781348,0.0835720209227449,0.9948715497559093,0.10807393440681838
81,596134,21,0.9673962918234852,0.13854149228232002,1.0337409061022511,0.9673962910230027,0.9773003560538828,0.9958972897992038,0.07567028589150614,0.9942860139742615,0.9958972939356963,0.0838639552023087,1.0278136149461394,0.9986579889002215,0.045047631583776775,0.9985700112960018,0.05022035490442861
81,596134,22,0.9999999999998,0.14289239635925355,1.000000000012998,1.0,0.999999999993201,0.9999948209878362,0.003221428795540567,0.999999446347525,0.9999948247620819,0.0032214288692750488,0.9999994532881056,0.9999959980629377,0.002788099403128588,0.9999959993707456,0.0027880994422978347
83,596134,1,0.08458995432523579,0.01425866786952201,12.588103512609303,0.08458995428219211,0.16876867036138746,0.5655590253382106,0.795589787500372,0.5158072317583129,0.5655590214767777,5.810941604985985,6.3044434376970955,0.8418768993691569,0.5093095795465639,0.5465861842572518,3.6381489459801517
83,596134,2,0.15840633433177784,0.02664833932082607,6.649542445883584,0.1584063342879468,0.2833202921384439,0.7122942456315482,0.6707711198402739,0.6628723618951563,0.7122942396208312,3.6780617370939406,4.31506655339175,0.8929917736922491,0.4250265928686239,0.6853401284130536,2.2996558256356154
83,596134,4,0.2832702347650361,0.04732034039647123,3.6568098860792886,0.28327023473524043,0.4336857084525548,0.8276821922057817,0.5301163377785102,0.7882173181197248,0.8276821875519652,2.095507535588195,2.8437881747881706,0.9370046231321632,0.33061603157959496,0.8168291120311175,1.3067330871087985
83,596134,8,0.48298131997173227,0.07936027784766884,2.1021283461554234,0.48298131982700354,0.6194952474484134,0.9099853146008092,0.38628651021756444,0.8849249817541582,0.9099853183826537,1.0253390886568856,1.8498072566796975,0.9681065713131424,0.23701564886951645,0.9219743185794632,0.6367555067283419
83,596134,11,0.6104589877842832,0.0992381259915774,1.650559306147714,0.6104589879974519,0.7211311070237505,0.9406180356059679,0.3135512283393622,0.9226854992568465,0.9406180412820342,0.666037522898355,1.5186546687739213,0.9792674686894628,0.1910536400114173,0.9573536758580157,0.4122105097448898
83,596134,13,0.6890599869898718,0.11132245542546913,1.4577755335498588,0.6890599864794468,0.7801985505505162,0.9556719203112195,0.27035970335519965,0.9416404959805075,0.9556719248729495,0.5028183258958161,1.370393970358838,0.984641646332775,0.16415476230819692,0.9720617128748442,0.31028737595494715
83,596134,15,0.7637452715185106,0.1227007633522871,1.3125307767762517,0.7637452722835982,0.8345109018090751,0.9681299239061198,0.22832931449383248,0.9575803613731669,0.9681299291420508,0.3740835125434793,1.2557014466376277,0.9890292696842644,0.1382341522163031,0.9824279337292436,0.2300144617058827
83,596134,17,0.8350788687888742,0.13348137404664462,1.1988477905544002,0.8350788697964261,0.8851886241934699,0.9787685119548665,0.18498220866447493,0.9714053354006119,0.9787685161098562,0.2675604290548772,1.164069326677241,0.9927305032284819,0.11172949704770074,0.9897856067195073,0.16379907911794409
83,596134,19,0.9033491172787151,0.14372057964172374,1.107408147882153,0.9033491180050085,0.9329342016279355,0.9880171312361548,0.13664882342044601,0.9836538408339399,0.9880171353763466,0.17417140228963443,1.089150481257463,0.995920532670698,0.08238340617374902,0.9949893343455318,0.10605426285531533
83,596134,21,0.9685981683064985,0.15343030583759124,1.03246037446096,0.9685981675626077,0.9782424151327315,0.9962340407553302,0.07196019513407206,0.9947966652851614,0.9962340449562131,0.08022965233965752,1.0270727044150236,0.9987272315513865,0.04340484997266883,0.99863620480595,0.048589138032250574
83,596134,22,0.9999999999996001,0.15807214878429793,0.9999999999992001,1.0,0.9999999999746038,0.9999947859229869,0.003232360961744257,0.9999997032159941,0.9999947894536683,0.003232361052562167,0.9999997118055324,0.999996116361861,0.0027627600836166843,0.9999961172121361,0.0027627601291881155
85,596134,1,0.09640146372781536,0.02141278027328823,10.98215883075652,0.09640146370551864,0.17979608252187357,0.5794482442413104,0.7893654174946658,0.5073702804555247,0.5794482400620742,4.976144656344742,5.472951530485953,0.7693050681983591,0.6185895708619025,0.5635434831678873,3.877405681203191
85,596134,2,0.18113490751530378,0.04022481234192254,5.795840643829214,0.1811349075350009,0.3070412616378676,0.736440751374104,0.6495228776321308,0.6626342642897075,0.7364407444987139,3.1393609260756627,3.792247854427521,0.850270851704915,0.5066034348593164,0.7130657099015775,2.4440386884068124
85,596134,4,0.32204971738675103,0.07138744878471269,3.21770116666334,0.3220497172311739,0.47686707654517074,0.861732086787042,0.48097273242528116,0.8027126298669055,0.8617320808155192,1.779213848348843,2.562151488046726,0.9211686459853364,0.372104058068571,0.8440300265110834,1.3822738304306543
85,596134,8,0.5310371858713044,0.11654684146714543,1.9153011297869833,0.5310371857121278,0.6722610336117811,0.9408555299866235,0.3154522083939443,0.9058468642380245,0.9408555336680827,0.8579231907787803,1.7290729036050962,0.967097147497385,0.2414235554320146,0.9367672605513478,0.6642785418869757
85,596134,11,0.6539550986423462,0.1422464843290325,1.5425643645934826,0.6539550989576,0.7678583705629073,0.9643663545253071,0.24366042922763798,0.9403995861723327,0.9643663597584383,0.5493343205605975,1.4481733447271974,0.9804615934545128,0.18559720129185683,0.9655975324959748,0.4243501483113862
85,596134,13,0.7268563803826118,0.15721029569950257,1.3830047525497509,0.7268563806169774,0.8203248563771929,0.97462248074082,0.2047732591386764,0.9563151517505505,0.9746224857665818,0.409463827377778,1.3212718393012863,0.9861770046620087,0.15564031182438123,0.977475804866106,0.31574212320940154
85,596134,15,0.7945146623773676,0.17093428413416153,1.262236145830809,0.7945146616587732,0.8669766410338139,0.9825251628103298,0.16901595102310282,0.9691025397162424,0.9825251678855842,0.2995683387934084,1.2225806773565366,0.9905301155261785,0.12825353356905328,0.9858806852201661,0.23051331108689796
85,596134,17,0.8578855436855976,0.18365739031663245,1.1672118192850618,0.8578855423047005,0.909280375502411,0.9888498522380871,0.13393130301508335,0.9797807493651398,0.9888498570460809,0.20937440914519964,1.1433301021625573,0.9939898339685375,0.10149010642214418,0.991880253168363,0.16067387200426164
85,596134,19,0.9175013724187957,0.19551465570064394,1.0904002673197202,0.9175013716763049,0.948050479745925,0.9940295792779167,0.09663517034239935,0.9889174379900312,0.9940295827883011,0.1316668858563576,1.0782273207924733,0.9968023804986746,0.07313734570573234,0.9961249285150411,0.10066755680594186
85,596134,21,0.9735098284227214,0.20654926845884652,1.0272587073699668,0.9735098279132962,0.983436894151868,0.9982119891949576,0.05049252799040854,0.9966344374835377,0.998211993004598,0.05813350305681974,1.0237924121723563,0.999053085491957,0.03819431022933338,0.9989862897514694,0.04420323549116299
85,596134,22,0.9999999999926011,0.21172431856741264,0.9999999999946008,1.0000000000007998,0.9999999999746038,0.9999949640227261,0.003177315413678036,0.9999991506825547,0.9999949668007181,0.0031773154999606744,0.9999991582010505,0.9999952807617009,0.0030681898399884462,0.9999952826774194,0.0030681898925838456
87,596134,1,0.12226416773278549,0.04277660877205976,9.0146369267108,0.12226416767034466,0.2022358585668186,0.556186242108228,0.8241208857317155,0.4636921751104714,0.5561862374705092,3.6576896234513665,4.089666277474636,0.8017856102924297,0.5814446791180464,0.6181626261723797,2.623224976228414
87,596134,2,0.2279805575773911,0.07945908878312406,4.751322046363665,0.22798055761373576,0.33696616158985354,0.7132042843565121,0.6949079663294109,0.6021663999424675,0.7132042781605222,2.2359041188079463,2.814271496152352,0.8637279138112146,0.4884278337858577,0.7622402956668466,1.5989300390271024
87,596134,4,0.39464674845887837,0.13683855899269892,2.6778322728547512,0.39464674831204993,0.517098758340451,0.85544079576435,0.5168170656599584,0.7356058818893587,0.8554407916950477,1.222372157279695,1.9482519270465746,0.9270729246183184,0.3620401573474579,0.8861856406499231,0.8702990698428129
87,596134,8,0.6138170378925303,0.2101892391827802,1.6715729963412023,0.6138170381117981,0.7213500777359161,0.9509062734038655,0.3114254955744724,0.8556714199775527,0.9509062773207901,0.5670894900230383,1.42180424936624,0.9740756399134365,0.2176189863813364,0.9634318401637277,0.4025178938235108
87,596134,11,0.7271627085209941,0.2463916852648221,1.3938258207714962,0.7271627088484459,0.8129323500660363,0.9760375065274958,0.21909970488890781,0.9032479510066563,0.9760375118023209,0.353650732552832,1.2544778881950405,0.9871878782764076,0.15292848194862138,0.9829475895372882,0.2505993789766694
87,596134,13,0.7896607791520958,0.26572567027326527,1.2767196591178451,0.7896607799998713,0.8594221053744718,0.985295784529031,0.17175534431650677,0.9265158965511211,0.9852957888424975,0.25835260448337366,1.1801578565477289,0.9921105416018878,0.11978768779764928,0.989936125522557,0.18284452063788562
87,596134,15,0.8450251395708234,0.2824788889229271,1.188728338185299,0.845025139341257,0.8985243592638908,0.9913750963514862,0.13117404969037144,0.9459636372180646,0.9913750997971802,0.18439051239445584,1.1229694681063667,0.9953783279225288,0.0914091180090318,0.9943724793165148,0.13030358170014236
87,596134,17,0.8948997461243328,0.2972767412539124,1.11981137599833,0.8948997461694261,0.9322254865303874,0.9953841699332058,0.09515717496966879,0.963047397655932,0.9953841730674454,0.12492802526058422,1.0777071161668434,0.9975474878936204,0.06623254302756153,0.9971616517246371,0.08810662481727399
87,596134,19,0.9402298985040648,0.3104781351020864,1.0643295780973938,0.9402298985874527,0.9617797683692358,0.9979588838528696,0.062013426902114324,0.9786305166207658,0.9979588865238772,0.07557022847108247,1.0413390250005254,0.998938495434995,0.043088165603031685,0.9988368560127364,0.05312428619976515
87,596134,21,0.9813470034961419,0.3222163228983516,1.0190868122179078,0.9813470039119808,0.9879816997867199,0.9995004601350588,0.028734500562843764,0.9930774642805648,0.9995004625480043,0.031782412125803426,1.012005438187461,0.9997508683143284,0.01996134042991281,0.9997432779356662,0.022236718681462014
87,596134,22,0.999999999993801,0.32741649324542377,0.9999999999998,0.9999999999940009,0.9999999999606057,0.9999963286219824,0.0027278322138779127,1.000000205284546,0.9999963302833385,0.00272783227386832,1.000000214232032,0.9999965652821199,0.0026376787118494037,0.9999965656276691,0.0026376787450023463
